time [s],RootX [m],RootY [m],RootZ [m],Stroke Angle [rad],Pitch Angle [rad],Elevation Angle [rad],,,x,y,z
0,0,0,0,0,0,0,,,,,
4.59E-06,-4.27E-07,-1.05E-06,7.75E-07,1.315744947,0.157490873,0.361669121,,,,,
9.17E-06,-8.45E-07,-2.10E-06,1.55E-06,1.315683796,0.168525209,0.361786948,,,,,
1.38E-05,-1.26E-06,-3.15E-06,2.33E-06,1.31557087,0.179735026,0.361843701,,,,,
1.83E-05,-1.66E-06,-4.21E-06,3.12E-06,1.315406061,0.191119969,0.361839659,,,,,
2.29E-05,-2.05E-06,-5.27E-06,3.90E-06,1.315189273,0.202679263,0.361775135,,,,,
2.75E-05,-2.43E-06,-6.33E-06,4.69E-06,1.314920423,0.214411699,0.361650476,,,,,
3.21E-05,-2.81E-06,-7.40E-06,5.47E-06,1.314599441,0.226315637,0.361466063,,,,,
3.67E-05,-3.17E-06,-8.47E-06,6.27E-06,1.31422627,0.238388999,0.36122231,,,,,
4.13E-05,-3.53E-06,-9.54E-06,7.06E-06,1.313800866,0.250629268,0.360919663,,,,,
4.59E-05,-3.87E-06,-1.06E-05,7.85E-06,1.313323199,0.263033486,0.360558599,,,,,
5.05E-05,-4.20E-06,-1.17E-05,8.64E-06,1.312793254,0.275598254,0.360139629,,,,,
5.50E-05,-4.53E-06,-1.28E-05,9.44E-06,1.312211027,0.288319733,0.359663295,,,,,
5.96E-05,-4.84E-06,-1.39E-05,1.02E-05,1.311576532,0.301193645,0.359130168,,,,,
6.42E-05,-5.14E-06,-1.50E-05,1.10E-05,1.310889795,0.314215276,0.358540852,,,,,
6.88E-05,-5.43E-06,-1.60E-05,1.18E-05,1.310150857,0.32737948,0.357895977,,,,,
7.34E-05,-5.70E-06,-1.71E-05,1.26E-05,1.309359774,0.340680684,0.357196207,,,,,
7.80E-05,-5.97E-06,-1.82E-05,1.34E-05,1.308516617,0.354112893,0.356442229,,,,,
8.26E-05,-6.22E-06,-1.93E-05,1.42E-05,1.307621472,0.367669695,0.355634763,,,,,
8.72E-05,-6.46E-06,-2.04E-05,1.50E-05,1.306674439,0.381344275,0.354774554,,,,,
9.17E-05,-6.69E-06,-2.15E-05,1.58E-05,1.305675634,0.395129415,0.353862372,,,,,
9.63E-05,-6.90E-06,-2.26E-05,1.66E-05,1.304625189,0.409017512,0.352899016,,,,,
0.000100917,-7.10E-06,-2.37E-05,1.74E-05,1.30352325,0.423000582,0.35188531,,,,,
0.000105505,-7.29E-06,-2.49E-05,1.82E-05,1.302369979,0.437070275,0.3508221,,,,,
0.000110092,-7.46E-06,-2.60E-05,1.90E-05,1.301165554,0.451217889,0.349710258,,,,,
0.000114679,-7.62E-06,-2.71E-05,1.98E-05,1.299910166,0.465434376,0.348550678,,,,,
0.000119266,-7.77E-06,-2.82E-05,2.06E-05,1.298604023,0.479710367,0.347344279,,,,,
0.000123853,-7.90E-06,-2.93E-05,2.14E-05,1.29724735,0.494036176,0.346091997,,,,,
0.00012844,-8.01E-06,-3.04E-05,2.22E-05,1.295840385,0.508401824,0.344794792,,,,,
0.000133028,-8.12E-06,-3.16E-05,2.30E-05,1.294383381,0.522797052,0.343453644,,,,,
0.000137615,-8.20E-06,-3.27E-05,2.38E-05,1.292876607,0.537211336,0.34206955,,,,,
0.000142202,-8.27E-06,-3.38E-05,2.45E-05,1.291320349,0.551633911,0.340643527,,,,,
0.000146789,-8.33E-06,-3.49E-05,2.53E-05,1.289714904,0.566053783,0.339176609,,,,,
0.000151376,-8.36E-06,-3.61E-05,2.61E-05,1.288060588,0.580459754,0.337669847,,,,,
0.000155963,-8.39E-06,-3.72E-05,2.69E-05,1.286357729,0.594840437,0.336124306,,,,,
0.00016055,-8.39E-06,-3.83E-05,2.76E-05,1.28460667,0.609184278,0.334541067,,,,,
0.000165138,-8.38E-06,-3.94E-05,2.84E-05,1.282807771,0.623479579,0.332921227,,,,,
0.000169725,-8.36E-06,-4.06E-05,2.92E-05,1.280961402,0.637714515,0.331265891,,,,,
0.000174312,-8.31E-06,-4.17E-05,3.00E-05,1.27906795,0.651877159,0.329576182,,,,,
0.000178899,-8.25E-06,-4.28E-05,3.07E-05,1.277127817,0.665955502,0.327853229,,,,,
0.000183486,-8.17E-06,-4.40E-05,3.15E-05,1.275141415,0.679937476,0.326098174,,,,,
0.000188073,-8.08E-06,-4.51E-05,3.22E-05,1.273109173,0.693810978,0.324312169,,,,,
0.000192661,-7.96E-06,-4.62E-05,3.30E-05,1.27103153,0.70756389,0.322496372,,,,,
0.000197248,-7.83E-06,-4.74E-05,3.37E-05,1.268908941,0.721184102,0.320651951,,,,,
0.000201835,-7.68E-06,-4.85E-05,3.45E-05,1.266741872,0.734659538,0.318780078,,,,,
0.000206422,-7.52E-06,-4.97E-05,3.52E-05,1.264530802,0.747978177,0.316881934,,,,,
0.000211009,-7.33E-06,-5.08E-05,3.59E-05,1.26227622,0.761128073,0.314958702,,,,,
0.000215596,-7.12E-06,-5.19E-05,3.67E-05,1.259978631,0.774097387,0.313011569,,,,,
0.000220183,-6.90E-06,-5.31E-05,3.74E-05,1.257638546,0.786874398,0.311041726,,,,,
0.000224771,-6.66E-06,-5.42E-05,3.81E-05,1.255256492,0.799447536,0.309050366,,,,,
0.000229358,-6.40E-06,-5.54E-05,3.88E-05,1.252833004,0.811805399,0.307038681,,,,,
0.000233945,-6.12E-06,-5.65E-05,3.95E-05,1.250368628,0.823936777,0.305007866,,,,,
0.000238532,-5.82E-06,-5.76E-05,4.02E-05,1.247863919,0.835830674,0.302959113,,,,,
0.000243119,-5.50E-06,-5.88E-05,4.09E-05,1.245319444,0.847476329,0.300893612,,,,,
0.000247706,-5.16E-06,-5.99E-05,4.16E-05,1.242735776,0.858863239,0.298812553,,,,,
0.000252294,-4.80E-06,-6.11E-05,4.23E-05,1.240113499,0.86998118,0.296717121,,,,,
0.000256881,-4.42E-06,-6.22E-05,4.30E-05,1.237453206,0.880820223,0.294608494,,,,,
0.000261468,-4.02E-06,-6.33E-05,4.37E-05,1.234755494,0.89137076,0.292487849,,,,,
0.000266055,-3.60E-06,-6.45E-05,4.43E-05,1.232020972,0.901623521,0.290356353,,,,,
0.000270642,-3.16E-06,-6.56E-05,4.50E-05,1.229250253,0.91156959,0.28821517,,,,,
0.000275229,-2.70E-06,-6.68E-05,4.57E-05,1.226443958,0.921200428,0.286065452,,,,,
0.000279817,-2.22E-06,-6.79E-05,4.63E-05,1.223602712,0.930507887,0.283908346,,,,,
0.000284404,-1.72E-06,-6.90E-05,4.69E-05,1.220727149,0.939484227,0.281744985,,,,,
0.000288991,-1.20E-06,-7.02E-05,4.76E-05,1.217817905,0.948122134,0.279576497,,,,,
0.000293578,-6.58E-07,-7.13E-05,4.82E-05,1.214875622,0.956414733,0.277403994,,,,,
0.000298165,-9.48E-08,-7.25E-05,4.88E-05,1.211900946,0.964355603,0.275228578,,,,,
0.000302752,4.89E-07,-7.36E-05,4.94E-05,1.208894525,0.971938792,0.27305134,,,,,
0.000307339,1.09E-06,-7.47E-05,5.00E-05,1.205857013,0.979158826,0.270873354,,,,,
0.000311927,1.72E-06,-7.59E-05,5.06E-05,1.202789064,0.986010723,0.268695683,,,,,
0.000316514,2.37E-06,-7.70E-05,5.12E-05,1.199691335,0.992490006,0.266519372,,,,,
0.000321101,3.04E-06,-7.81E-05,5.18E-05,1.196564485,0.998592708,0.264345454,,,,,
0.000325688,3.72E-06,-7.93E-05,5.24E-05,1.193409173,1.004315382,0.262174942,,,,,
0.000330275,4.44E-06,-8.04E-05,5.30E-05,1.190226058,1.009655113,0.260008834,,,,,
0.000334862,5.17E-06,-8.15E-05,5.35E-05,1.187015801,1.014609518,0.257848111,,,,,
0.00033945,5.92E-06,-8.27E-05,5.41E-05,1.18377906,1.019176758,0.255693733,,,,,
0.000344037,6.70E-06,-8.38E-05,5.46E-05,1.180516493,1.023355537,0.253546645,,,,,
0.000348624,7.49E-06,-8.49E-05,5.52E-05,1.177228756,1.027145111,0.251407768,,,,,
0.000353211,8.31E-06,-8.60E-05,5.57E-05,1.173916504,1.030545286,0.249278006,,,,,
0.000357798,9.15E-06,-8.72E-05,5.62E-05,1.170580387,1.033556421,0.247158242,,,,,
0.000362385,1.00E-05,-8.83E-05,5.67E-05,1.167221052,1.036179429,0.245049338,,,,,
0.000366972,1.09E-05,-8.94E-05,5.72E-05,1.163839144,1.038415778,0.242952133,,,,,
0.00037156,1.18E-05,-9.05E-05,5.77E-05,1.160435301,1.040267483,0.240867445,,,,,
0.000376147,1.27E-05,-9.16E-05,5.82E-05,1.157010159,1.04173711,0.23879607,,,,,
0.000380734,1.37E-05,-9.28E-05,5.87E-05,1.153564346,1.042827768,0.23673878,,,,,
0.000385321,1.46E-05,-9.39E-05,5.91E-05,1.150098485,1.043543106,0.234696324,,,,,
0.000389908,1.56E-05,-9.50E-05,5.96E-05,1.146613193,1.043887305,0.232669426,,,,,
0.000394495,1.66E-05,-9.61E-05,6.00E-05,1.143109077,1.043865072,0.230658788,,,,,
0.000399083,1.77E-05,-9.72E-05,6.05E-05,1.139586741,1.043481634,0.228665087,,,,,
0.00040367,1.87E-05,-9.83E-05,6.09E-05,1.136046778,1.042742724,0.226688974,,,,,
0.000408257,1.98E-05,-9.94E-05,6.13E-05,1.132489773,1.041654574,0.224731075,,,,,
0.000412844,2.09E-05,-0.000100512,6.17E-05,1.128916302,1.040223906,0.222791993,,,,,
0.000417431,2.20E-05,-0.000101612,6.21E-05,1.125326931,1.038457915,0.220872303,,,,,
0.000422018,2.31E-05,-0.00010271,6.25E-05,1.121722217,1.03636426,0.218972554,,,,,
0.000426606,2.43E-05,-0.000103805,6.29E-05,1.118102704,1.033951048,0.217093271,,,,,
0.000431193,2.55E-05,-0.000104898,6.33E-05,1.114468929,1.031226821,0.215234951,,,,,
0.00043578,2.67E-05,-0.000105989,6.37E-05,1.110821415,1.028200538,0.213398067,,,,,
0.000440367,2.79E-05,-0.000107078,6.40E-05,1.107160672,1.024881564,0.211583063,,,,,
0.000444954,2.91E-05,-0.000108164,6.44E-05,1.103487201,1.021279647,0.209790358,,,,,
0.000449541,3.04E-05,-0.000109247,6.47E-05,1.099801487,1.017404902,0.208020344,,,,,
0.000454128,3.17E-05,-0.000110328,6.50E-05,1.096104004,1.013267795,0.206273386,,,,,
0.000458716,3.30E-05,-0.000111406,6.53E-05,1.092395211,1.008879122,0.204549824,,,,,
0.000463303,3.43E-05,-0.000112481,6.56E-05,1.088675555,1.004249989,0.20284997,,,,,
0.00046789,3.56E-05,-0.000113554,6.59E-05,1.084945466,0.999391793,0.20117411,,,,,
0.000472477,3.70E-05,-0.000114624,6.62E-05,1.081205361,0.994316199,0.199522503,,,,,
0.000477064,3.84E-05,-0.000115691,6.65E-05,1.077455642,0.989035123,0.197895382,,,,,
0.000481651,3.98E-05,-0.000116755,6.68E-05,1.073696695,0.983560707,0.196292954,,,,,
0.000486239,4.12E-05,-0.000117817,6.70E-05,1.069928891,0.977905296,0.194715399,,,,,
0.000490826,4.26E-05,-0.000118875,6.73E-05,1.066152584,0.97208142,0.193162871,,,,,
0.000495413,4.41E-05,-0.00011993,6.75E-05,1.062368112,0.966101766,0.1916355,,,,,
0.0005,4.56E-05,-0.000120982,6.77E-05,1.058575797,0.959979161,0.190133388,,,,,
0.000504587,4.71E-05,-0.000122031,6.80E-05,1.054775944,0.953726543,0.188656614,,,,,
0.000509174,4.86E-05,-0.000123077,6.82E-05,1.05096884,0.947356943,0.187205228,,,,,
0.000513761,5.01E-05,-0.00012412,6.84E-05,1.047154755,0.940883457,0.18577926,,,,,
0.000518349,5.17E-05,-0.000125159,6.86E-05,1.043333942,0.934319227,0.184378711,,,,,
0.000522936,5.32E-05,-0.000126195,6.88E-05,1.039506637,0.927677413,0.183003562,,,,,
0.000527523,5.48E-05,-0.000127227,6.89E-05,1.035673055,0.920971175,0.181653765,,,,,
0.00053211,5.64E-05,-0.000128256,6.91E-05,1.031833395,0.914213645,0.180329254,,,,,
0.000536697,5.80E-05,-0.000129282,6.92E-05,1.027987839,0.907417905,0.179029934,,,,,
0.000541284,5.97E-05,-0.000130304,6.94E-05,1.024136548,0.900596968,0.177755692,,,,,
0.000545872,6.13E-05,-0.000131322,6.95E-05,1.020279666,0.89376375,0.17650639,,,,,
0.000550459,6.30E-05,-0.000132337,6.96E-05,1.016417318,0.88693105,0.175281868,,,,,
0.000555046,6.47E-05,-0.000133348,6.98E-05,1.012549609,0.880111527,0.174081946,,,,,
0.000559633,6.64E-05,-0.000134355,6.99E-05,1.008676628,0.873317681,0.172906422,,,,,
0.00056422,6.81E-05,-0.000135359,7.00E-05,1.004798443,0.866561828,0.171755072,,,,,
0.000568807,6.99E-05,-0.000136359,7.01E-05,1.000915104,0.859856082,0.170627654,,,,,
0.000573395,7.16E-05,-0.000137355,7.01E-05,0.997026642,0.853212332,0.169523905,,,,,
0.000577982,7.34E-05,-0.000138347,7.02E-05,0.993133068,0.846642226,0.168443544,,,,,
0.000582569,7.52E-05,-0.000139335,7.03E-05,0.989234377,0.840157148,0.167386271,,,,,
0.000587156,7.70E-05,-0.000140319,7.03E-05,0.985330542,0.8337682,0.166351766,,,,,
0.000591743,7.88E-05,-0.000141299,7.04E-05,0.98142152,0.827486187,0.165339695,,,,,
0.00059633,8.06E-05,-0.000142274,7.04E-05,0.977507247,0.821321596,0.164349705,,,,,
0.000600917,8.24E-05,-0.000143246,7.04E-05,0.973587642,0.815284581,0.163381428,,,,,
0.000605505,8.43E-05,-0.000144214,7.05E-05,0.969662605,0.809384947,0.162434477,,,,,
0.000610092,8.62E-05,-0.000145177,7.05E-05,0.965732019,0.803632135,0.161508455,,,,,
0.000614679,8.80E-05,-0.000146136,7.05E-05,0.961795747,0.798035209,0.160602946,,,,,
0.000619266,8.99E-05,-0.000147091,7.05E-05,0.957853634,0.79260284,0.159717523,,,,,
0.000623853,9.18E-05,-0.000148042,7.05E-05,0.95390551,0.787343293,0.158851745,,,,,
0.00062844,9.38E-05,-0.000148988,7.04E-05,0.949951184,0.78226442,0.158005157,,,,,
0.000633028,9.57E-05,-0.000149929,7.04E-05,0.94599045,0.777373644,0.157177295,,,,,
0.000637615,9.76E-05,-0.000150866,7.04E-05,0.942023083,0.77267795,0.15636768,,,,,
0.000642202,9.96E-05,-0.000151799,7.03E-05,0.938048844,0.76818388,0.155575827,,,,,
0.000646789,0.000101556,-0.000152727,7.03E-05,0.934067476,0.763897518,0.154801236,,,,,
0.000651376,0.000103533,-0.000153651,7.02E-05,0.930078703,0.759824489,0.154043402,,,,,
0.000655963,0.00010552,-0.00015457,7.01E-05,0.926082239,0.75596995,0.153301809,,,,,
0.00066055,0.000107518,-0.000155484,7.01E-05,0.922077776,0.752338584,0.152575933,,,,,
0.000665138,0.000109525,-0.000156394,7.00E-05,0.918064995,0.748934598,0.151865245,,,,,
0.000669725,0.000111543,-0.000157299,6.99E-05,0.914043562,0.745761717,0.151169206,,,,,
0.000674312,0.000113569,-0.000158199,6.98E-05,0.910013125,0.742823185,0.150487275,,,,,
0.000678899,0.000115604,-0.000159094,6.97E-05,0.905973322,0.740121758,0.149818903,,,,,
0.000683486,0.000117649,-0.000159985,6.96E-05,0.901923774,0.737659712,0.149163536,,,,,
0.000688073,0.000119701,-0.000160871,6.95E-05,0.897864091,0.735438834,0.148520619,,,,,
0.000692661,0.000121761,-0.000161752,6.94E-05,0.89379387,0.733460432,0.147889592,,,,,
0.000697248,0.00012383,-0.000162627,6.92E-05,0.889712693,0.73172533,0.147269892,,,,,
0.000701835,0.000125905,-0.000163498,6.91E-05,0.885620132,0.730233876,0.146660954,,,,,
0.000706422,0.000127987,-0.000164364,6.90E-05,0.881515748,0.728985946,0.146062215,,,,,
0.000711009,0.000130077,-0.000165225,6.88E-05,0.87739909,0.727980947,0.145473107,,,,,
0.000715596,0.000132172,-0.000166081,6.87E-05,0.873269696,0.727217825,0.144893065,,,,,
0.000720183,0.000134274,-0.000166932,6.85E-05,0.869127096,0.726695069,0.144321524,,,,,
0.000724771,0.000136381,-0.000167778,6.84E-05,0.864970808,0.726410722,0.14375792,,,,,
0.000729358,0.000138493,-0.000168618,6.82E-05,0.860800342,0.726362389,0.143201691,,,,,
0.000733945,0.000140611,-0.000169454,6.80E-05,0.8566152,0.726547244,0.142652279,,,,,
0.000738532,0.000142733,-0.000170284,6.79E-05,0.852414875,0.726962041,0.142109127,,,,,
0.000743119,0.000144859,-0.000171109,6.77E-05,0.848198855,0.727603127,0.141571684,,,,,
0.000747706,0.000146989,-0.000171929,6.75E-05,0.843966619,0.728466451,0.141039402,,,,,
0.000752294,0.000149123,-0.000172743,6.73E-05,0.839717639,0.729547577,0.14051174,,,,,
0.000756881,0.00015126,-0.000173553,6.71E-05,0.835451385,0.730841696,0.139988159,,,,,
0.000761468,0.0001534,-0.000174357,6.69E-05,0.831167318,0.732343642,0.139468129,,,,,
0.000766055,0.000155543,-0.000175155,6.67E-05,0.826864897,0.734047903,0.138951128,,,,,
0.000770642,0.000157688,-0.000175949,6.65E-05,0.822543576,0.735948638,0.138436637,,,,,
0.000775229,0.000159835,-0.000176737,6.63E-05,0.818202807,0.738039689,0.137924147,,,,,
0.000779817,0.000161983,-0.000177519,6.61E-05,0.813842038,0.740314601,0.13741316,,,,,
0.000784404,0.000164132,-0.000178296,6.59E-05,0.809460715,0.742766635,0.136903181,,,,,
0.000788991,0.000166282,-0.000179068,6.57E-05,0.805058284,0.745388783,0.13639373,,,,,
0.000793578,0.000168433,-0.000179834,6.55E-05,0.800634189,0.74817379,0.135884332,,,,,
0.000798165,0.000170584,-0.000180595,6.53E-05,0.796187874,0.751114165,0.135374526,,,,,
0.000802752,0.000172734,-0.000181351,6.50E-05,0.791718784,0.754202204,0.134863859,,,,,
0.000807339,0.000174884,-0.0001821,6.48E-05,0.787226364,0.757430002,0.13435189,,,,,
0.000811927,0.000177033,-0.000182845,6.46E-05,0.782710062,0.760789475,0.13383819,,,,,
0.000816514,0.000179181,-0.000183584,6.44E-05,0.778169328,0.764272378,0.133322341,,,,,
0.000821101,0.000181327,-0.000184317,6.41E-05,0.773603613,0.76787032,0.132803937,,,,,
0.000825688,0.000183471,-0.000185045,6.39E-05,0.769012376,0.771574784,0.132282585,,,,,
0.000830275,0.000185613,-0.000185767,6.37E-05,0.764395075,0.775377146,0.131757905,,,,,
0.000834862,0.000187753,-0.000186484,6.34E-05,0.759751176,0.779268692,0.131229529,,,,,
0.00083945,0.000189889,-0.000187195,6.32E-05,0.75508015,0.783240639,0.130697106,,,,,
0.000844037,0.000192022,-0.000187901,6.30E-05,0.750381474,0.787284146,0.130160294,,,,,
0.000848624,0.000194152,-0.000188601,6.27E-05,0.745654631,0.791390341,0.129618768,,,,,
0.000853211,0.000196277,-0.000189295,6.25E-05,0.740899112,0.795550334,0.129072216,,,,,
0.000857798,0.000198398,-0.000189984,6.23E-05,0.736114415,0.799755234,0.128520342,,,,,
0.000862385,0.000200515,-0.000190667,6.20E-05,0.731300047,0.803996168,0.127962863,,,,,
0.000866972,0.000202626,-0.000191345,6.18E-05,0.726455524,0.8082643,0.127399512,,,,,
0.00087156,0.000204732,-0.000192017,6.16E-05,0.721580371,0.812550845,0.126830037,,,,,
0.000876147,0.000206833,-0.000192683,6.13E-05,0.716674125,0.816847086,0.126254201,,,,,
0.000880734,0.000208928,-0.000193344,6.11E-05,0.711736332,0.821144391,0.125671782,,,,,
0.000885321,0.000211016,-0.000193999,6.09E-05,0.70676655,0.825434229,0.125082573,,,,,
0.000889908,0.000213098,-0.000194649,6.06E-05,0.701764347,0.829708185,0.124486384,,,,,
0.000894495,0.000215173,-0.000195293,6.04E-05,0.696729307,0.833957977,0.12388304,,,,,
0.000899083,0.000217241,-0.000195931,6.02E-05,0.691661024,0.838175465,0.123272382,,,,,
0.00090367,0.000219301,-0.000196564,6.00E-05,0.686559105,0.842352671,0.122654265,,,,,
0.000908257,0.000221353,-0.000197192,5.97E-05,0.681423174,0.846481791,0.122028562,,,,,
0.000912844,0.000223398,-0.000197813,5.95E-05,0.676252866,0.850555204,0.121395161,,,,,
0.000917431,0.000225434,-0.000198429,5.93E-05,0.671047833,0.854565491,0.120753965,,,,,
0.000922018,0.000227461,-0.00019904,5.91E-05,0.665807742,0.858505441,0.120104894,,,,,
0.000926606,0.000229479,-0.000199645,5.89E-05,0.660532275,0.862368065,0.119447881,,,,,
0.000931193,0.000231488,-0.000200244,5.87E-05,0.65522113,0.866146605,0.118782878,,,,,
0.00093578,0.000233487,-0.000200838,5.85E-05,0.649874023,0.869834547,0.11810985,,,,,
0.000940367,0.000235477,-0.000201427,5.83E-05,0.644490686,0.873425626,0.117428778,,,,,
0.000944954,0.000237456,-0.00020201,5.81E-05,0.639070868,0.876913838,0.116739659,,,,,
0.000949541,0.000239425,-0.000202587,5.79E-05,0.633614338,0.880293446,0.116042505,,,,,
0.000954128,0.000241383,-0.000203159,5.77E-05,0.62812088,0.883558989,0.115337341,,,,,
0.000958716,0.00024333,-0.000203726,5.75E-05,0.622590298,0.886705285,0.114624208,,,,,
0.000963303,0.000245266,-0.000204287,5.73E-05,0.617022416,0.889727441,0.113903163,,,,,
0.00096789,0.000247191,-0.000204843,5.71E-05,0.611417075,0.892620857,0.113174275,,,,,
0.000972477,0.000249104,-0.000205393,5.70E-05,0.605774137,0.895381227,0.112437629,,,,,
0.000977064,0.000251004,-0.000205938,5.68E-05,0.600093483,0.898004549,0.111693322,,,,,
0.000981651,0.000252893,-0.000206477,5.66E-05,0.594375014,0.900487122,0.110941466,,,,,
0.000986239,0.000254769,-0.000207012,5.65E-05,0.588618651,0.902825551,0.110182186,,,,,
0.000990826,0.000256632,-0.000207541,5.63E-05,0.582824336,0.905016749,0.10941562,,,,,
0.000995413,0.000258483,-0.000208064,5.62E-05,0.57699203,0.907057939,0.108641919,,,,,
0.001,0.00026032,-0.000208583,5.60E-05,0.571121718,0.90894665,0.107861247,,,,,
0.001004587,0.000262144,-0.000209096,5.59E-05,0.565213402,0.91068072,0.107073779,,,,,
0.001009174,0.000263954,-0.000209604,5.57E-05,0.559267108,0.912258296,0.106279702,,,,,
0.001013761,0.000265751,-0.000210106,5.56E-05,0.553282881,0.913677829,0.105479215,,,,,
0.001018349,0.000267533,-0.000210604,5.55E-05,0.547260791,0.914938073,0.104672528,,,,,
0.001022936,0.000269301,-0.000211097,5.54E-05,0.541200924,0.916038082,0.103859861,,,,,
0.001027523,0.000271055,-0.000211584,5.53E-05,0.535103393,0.916977208,0.103041447,,,,,
0.00103211,0.000272794,-0.000212067,5.52E-05,0.528968328,0.917755094,0.102217526,,,,,
0.001036697,0.000274518,-0.000212544,5.51E-05,0.522795883,0.918371672,0.101388349,,,,,
0.001041284,0.000276227,-0.000213016,5.50E-05,0.516586234,0.918827155,0.100554176,,,,,
0.001045872,0.000277921,-0.000213484,5.49E-05,0.510339576,0.919122034,0.099715276,,,,,
0.001050459,0.0002796,-0.000213946,5.48E-05,0.504056127,0.91925707,0.098871925,,,,,
0.001055046,0.000281263,-0.000214404,5.48E-05,0.497736127,0.919233288,0.09802441,,,,,
0.001059633,0.00028291,-0.000214857,5.47E-05,0.491379837,0.919051967,0.097173023,,,,,
0.00106422,0.000284542,-0.000215305,5.47E-05,0.484987539,0.918714637,0.096318064,,,,,
0.001068807,0.000286157,-0.000215749,5.46E-05,0.478559535,0.918223069,0.095459839,,,,,
0.001073395,0.000287756,-0.000216187,5.46E-05,0.47209615,0.917579263,0.094598661,,,,,
0.001077982,0.000289339,-0.000216621,5.46E-05,0.46559773,0.916785446,0.093734849,,,,,
0.001082569,0.000290906,-0.000217051,5.46E-05,0.459064638,0.915844056,0.092868726,,,,,
0.001087156,0.000292456,-0.000217476,5.45E-05,0.452497263,0.914757737,0.092000622,,,,,
0.001091743,0.000293989,-0.000217896,5.45E-05,0.44589601,0.913529328,0.09113087,,,,,
0.00109633,0.000295506,-0.000218312,5.46E-05,0.439261306,0.912161853,0.090259806,,,,,
0.001100917,0.000297006,-0.000218723,5.46E-05,0.432593597,0.910658509,0.089387772,,,,,
0.001105505,0.000298488,-0.00021913,5.46E-05,0.425893349,0.90902266,0.088515111,,,,,
0.001110092,0.000299954,-0.000219533,5.46E-05,0.419161047,0.907257821,0.087642169,,,,,
0.001114679,0.000301402,-0.000219932,5.47E-05,0.412397195,0.905367651,0.086769295,,,,,
0.001119266,0.000302833,-0.000220326,5.47E-05,0.405602315,0.903355942,0.08589684,,,,,
0.001123853,0.000304246,-0.000220716,5.48E-05,0.398776948,0.901226606,0.085025154,,,,,
0.00112844,0.000305643,-0.000221102,5.48E-05,0.391921654,0.898983666,0.08415459,,,,,
0.001133028,0.000307021,-0.000221484,5.49E-05,0.385037008,0.896631245,0.0832855,,,,,
0.001137615,0.000308382,-0.000221862,5.50E-05,0.378123604,0.894173553,0.082418236,,,,,
0.001142202,0.000309725,-0.000222236,5.51E-05,0.371182052,0.891614878,0.081553151,,,,,
0.001146789,0.000311051,-0.000222606,5.52E-05,0.364212978,0.888959575,0.080690596,,,,,
0.001151376,0.000312358,-0.000222973,5.53E-05,0.357217025,0.886212055,0.079830919,,,,,
0.001155963,0.000313648,-0.000223335,5.55E-05,0.35019485,0.883376773,0.078974468,,,,,
0.00116055,0.000314921,-0.000223694,5.56E-05,0.343147126,0.880458221,0.078121589,,,,,
0.001165138,0.000316175,-0.000224049,5.57E-05,0.336074541,0.877460912,0.077272624,,,,,
0.001169725,0.000317411,-0.000224401,5.59E-05,0.328977795,0.874389376,0.076427914,,,,,
0.001174312,0.000318629,-0.000224749,5.61E-05,0.321857603,0.871248144,0.075587793,,,,,
0.001178899,0.00031983,-0.000225094,5.62E-05,0.314714692,0.868041744,0.074752595,,,,,
0.001183486,0.000321012,-0.000225435,5.64E-05,0.307549802,0.864774688,0.073922647,,,,,
0.001188073,0.000322177,-0.000225773,5.66E-05,0.300363686,0.861451461,0.073098273,,,,,
0.001192661,0.000323324,-0.000226107,5.68E-05,0.293157105,0.858076518,0.072279791,,,,,
0.001197248,0.000324452,-0.000226439,5.70E-05,0.285930834,0.854654268,0.071467516,,,,,
0.001201835,0.000325563,-0.000226767,5.73E-05,0.278685657,0.851189073,0.070661753,,,,,
0.001206422,0.000326656,-0.000227093,5.75E-05,0.271422367,0.847685234,0.069862805,,,,,
0.001211009,0.000327731,-0.000227415,5.77E-05,0.264141766,0.844146985,0.069070967,,,,,
0.001215596,0.000328788,-0.000227734,5.80E-05,0.256844666,0.840578487,0.068286528,,,,,
0.001220183,0.000329828,-0.000228051,5.82E-05,0.249531884,0.836983821,0.06750977,,,,,
0.001224771,0.00033085,-0.000228365,5.85E-05,0.242204247,0.833366979,0.066740967,,,,,
0.001229358,0.000331854,-0.000228676,5.88E-05,0.234862586,0.82973186,0.065980387,,,,,
0.001233945,0.00033284,-0.000228984,5.91E-05,0.22750774,0.826082262,0.065228289,,,,,
0.001238532,0.000333809,-0.00022929,5.94E-05,0.220140551,0.822421881,0.064484925,,,,,
0.001243119,0.00033476,-0.000229594,5.97E-05,0.212761868,0.818754301,0.063750538,,,,,
0.001247706,0.000335694,-0.000229895,6.00E-05,0.205372542,0.815082991,0.063025364,,,,,
0.001252294,0.000336611,-0.000230193,6.04E-05,0.197973428,0.811411302,0.06230963,,,,,
0.001256881,0.00033751,-0.00023049,6.07E-05,0.190565384,0.807742463,0.061603552,,,,,
0.001261468,0.000338393,-0.000230784,6.11E-05,0.183149269,0.804079575,0.060907341,,,,,
0.001266055,0.000339258,-0.000231076,6.14E-05,0.175725944,0.800425612,0.060221196,,,,,
0.001270642,0.000340106,-0.000231366,6.18E-05,0.168296272,0.796783415,0.059545307,,,,,
0.001275229,0.000340937,-0.000231654,6.22E-05,0.160861112,0.793155694,0.058879857,,,,,
0.001279817,0.000341752,-0.000231941,6.26E-05,0.153421327,0.789545022,0.058225017,,,,,
0.001284404,0.00034255,-0.000232225,6.30E-05,0.145977776,0.785953834,0.057580949,,,,,
0.001288991,0.000343332,-0.000232508,6.34E-05,0.138531316,0.78238443,0.056947807,,,,,
0.001293578,0.000344097,-0.000232789,6.39E-05,0.131082803,0.778838972,0.056325734,,,,,
0.001298165,0.000344846,-0.000233068,6.43E-05,0.123633087,0.775319483,0.055714863,,,,,
0.001302752,0.000345579,-0.000233347,6.47E-05,0.116183018,0.771827848,0.055115318,,,,,
0.001307339,0.000346296,-0.000233623,6.52E-05,0.108733437,0.768365815,0.054527213,,,,,
0.001311927,0.000346997,-0.000233899,6.56E-05,0.101285183,0.764934997,0.053950652,,,,,
0.001316514,0.000347683,-0.000234173,6.61E-05,0.093839088,0.76153687,0.053385729,,,,,
0.001321101,0.000348353,-0.000234446,6.66E-05,0.086395978,0.758172778,0.05283253,,,,,
0.001325688,0.000349007,-0.000234717,6.71E-05,0.078956671,0.754843935,0.05229113,,,,,
0.001330275,0.000349647,-0.000234988,6.76E-05,0.071521978,0.751551424,0.051761594,,,,,
0.001334862,0.000350272,-0.000235258,6.81E-05,0.064092701,0.748296203,0.051243977,,,,,
0.00133945,0.000350882,-0.000235527,6.86E-05,0.056669634,0.745079104,0.050738328,,,,,
0.001344037,0.000351477,-0.000235796,6.92E-05,0.049253562,0.741900841,0.050244682,,,,,
0.001348624,0.000352058,-0.000236063,6.97E-05,0.041845258,0.73876201,0.049763068,,,,,
0.001353211,0.000352624,-0.000236331,7.02E-05,0.034445485,0.735663093,0.049293505,,,,,
0.001357798,0.000353177,-0.000236597,7.08E-05,0.027054996,0.732604463,0.048836003,,,,,
0.001362385,0.000353715,-0.000236863,7.14E-05,0.019674532,0.729586387,0.048390563,,,,,
0.001366972,0.000354241,-0.000237129,7.19E-05,0.01230482,0.726609028,0.047957178,,,,,
0.00137156,0.000354752,-0.000237395,7.25E-05,0.004946575,0.723672455,0.047535833,,,,,
0.001376147,0.000355251,-0.00023766,7.31E-05,-0.002399499,0.72077664,0.047126503,,,,,
0.001380734,0.000355736,-0.000237926,7.37E-05,-0.009732715,0.717921471,0.046729157,,,,,
0.001385321,0.000356209,-0.000238191,7.43E-05,-0.0170524,0.715106747,0.046343755,,,,,
0.001389908,0.000356669,-0.000238456,7.49E-05,-0.024357892,0.712332193,0.04597025,,,,,
0.001394495,0.000357116,-0.000238722,7.55E-05,-0.03164855,0.709597455,0.045608589,,,,,
0.001399083,0.000357552,-0.000238988,7.62E-05,-0.038923743,0.706902111,0.04525871,,,,,
0.00140367,0.000357976,-0.000239254,7.68E-05,-0.046182861,0.704245676,0.044920546,,,,,
0.001408257,0.000358388,-0.00023952,7.75E-05,-0.053425306,0.701627603,0.044594021,,,,,
0.001412844,0.000358789,-0.000239787,7.81E-05,-0.0606505,0.69904729,0.044279057,,,,,
0.001417431,0.000359178,-0.000240055,7.88E-05,-0.06785788,0.696504085,0.043975567,,,,,
0.001422018,0.000359557,-0.000240323,7.94E-05,-0.075046904,0.693997293,0.043683459,,,,,
0.001426606,0.000359925,-0.000240592,8.01E-05,-0.082217043,0.691526173,0.043402638,,,,,
0.001431193,0.000360283,-0.000240862,8.08E-05,-0.08936779,0.689089954,0.043133002,,,,,
0.00143578,0.00036063,-0.000241132,8.15E-05,-0.096498656,0.686687829,0.042874445,,,,,
0.001440367,0.000360968,-0.000241404,8.21E-05,-0.103609168,0.684318967,0.042626858,,,,,
0.001444954,0.000361295,-0.000241676,8.28E-05,-0.110698876,0.681982511,0.042390128,,,,,
0.001449541,0.000361614,-0.00024195,8.35E-05,-0.117767346,0.67967759,0.042164136,,,,,
0.001454128,0.000361923,-0.000242225,8.43E-05,-0.124814166,0.677403315,0.041948765,,,,,
0.001458716,0.000362224,-0.000242501,8.50E-05,-0.131838941,0.675158788,0.041743892,,,,,
0.001463303,0.000362516,-0.000242779,8.57E-05,-0.138841299,0.672943105,0.041549391,,,,,
0.00146789,0.000362799,-0.000243058,8.64E-05,-0.145820886,0.670755359,0.041365138,,,,,
0.001472477,0.000363075,-0.000243338,8.71E-05,-0.152777367,0.668594641,0.041191005,,,,,
0.001477064,0.000363343,-0.00024362,8.79E-05,-0.159710431,0.666460048,0.041026863,,,,,
0.001481651,0.000363603,-0.000243904,8.86E-05,-0.166619785,0.664350684,0.040872583,,,,,
0.001486239,0.000363856,-0.00024419,8.94E-05,-0.173505155,0.66226566,0.040728036,,,,,
0.001490826,0.000364103,-0.000244477,9.01E-05,-0.18036629,0.660204102,0.040593093,,,,,
0.001495413,0.000364342,-0.000244766,9.09E-05,-0.18720296,0.658165147,0.040467626,,,,,
0.0015,0.000364575,-0.000245057,9.16E-05,-0.194014952,0.656147952,0.040351507,,,,,
0.001504587,0.000364802,-0.000245351,9.24E-05,-0.200802078,0.65415169,0.040244611,,,,,
0.001509174,0.000365023,-0.000245646,9.31E-05,-0.207564166,0.652175555,0.040146815,,,,,
0.001513761,0.000365239,-0.000245943,9.39E-05,-0.214301068,0.650218762,0.040057996,,,,,
0.001518349,0.00036545,-0.000246243,9.47E-05,-0.221012656,0.648280549,0.039978036,,,,,
0.001522936,0.000365655,-0.000246545,9.54E-05,-0.227698819,0.646360179,0.039906819,,,,,
0.001527523,0.000365856,-0.000246849,9.62E-05,-0.234359471,0.644456937,0.039844234,,,,,
0.00153211,0.000366052,-0.000247156,9.70E-05,-0.240994541,0.642570136,0.039790172,,,,,
0.001536697,0.000366244,-0.000247466,9.78E-05,-0.247603983,0.640699112,0.039744529,,,,,
0.001541284,0.000366433,-0.000247777,9.86E-05,-0.254187766,0.638843227,0.039707206,,,,,
0.001545872,0.000366618,-0.000248092,9.93E-05,-0.260745881,0.637001869,0.039678111,,,,,
0.001550459,0.000366799,-0.000248409,0.000100126,-0.267278338,0.635174449,0.039657153,,,,,
0.001555046,0.000366978,-0.000248729,0.000100912,-0.273785166,0.633360404,0.039644251,,,,,
0.001559633,0.000367154,-0.000249052,0.000101699,-0.280266413,0.631559195,0.039639329,,,,,
0.00156422,0.000367328,-0.000249378,0.000102486,-0.286722143,0.629770302,0.039642317,,,,,
0.001568807,0.000367499,-0.000249707,0.000103275,-0.293152442,0.627993231,0.039653152,,,,,
0.001573395,0.000367669,-0.000250039,0.000104063,-0.299557412,0.626227504,0.03967178,,,,,
0.001577982,0.000367837,-0.000250373,0.000104852,-0.305937171,0.624472664,0.039698152,,,,,
0.001582569,0.000368004,-0.000250711,0.000105641,-0.312291856,0.622728269,0.039732229,,,,,
0.001587156,0.00036817,-0.000251052,0.000106429,-0.318621622,0.620993893,0.039773981,,,,,
0.001591743,0.000368335,-0.000251397,0.000107217,-0.324926636,0.619269124,0.039823383,,,,,
0.00159633,0.0003685,-0.000251744,0.000108004,-0.331207086,0.617553558,0.039880424,,,,,
0.001600917,0.000368665,-0.000252095,0.00010879,-0.337463172,0.615846802,0.039945098,,,,,
0.001605505,0.000368829,-0.00025245,0.000109575,-0.343695111,0.614148468,0.04001741,,,,,
0.001610092,0.000368995,-0.000252807,0.000110358,-0.349903132,0.612458175,0.040097376,,,,,
0.001614679,0.00036916,-0.000253169,0.00011114,-0.356087482,0.610775538,0.04018502,,,,,
0.001619266,0.000369327,-0.000253533,0.000111919,-0.362248418,0.609100177,0.040280378,,,,,
0.001623853,0.000369495,-0.000253902,0.000112697,-0.368386212,0.607431704,0.040383494,,,,,
0.00162844,0.000369665,-0.000254274,0.000113471,-0.374501149,0.605769727,0.040494426,,,,,
0.001633028,0.000369836,-0.000254649,0.000114244,-0.380593524,0.604113844,0.040613241,,,,,
0.001637615,0.00037001,-0.000255029,0.000115013,-0.386663646,0.602463642,0.040740016,,,,,
0.001642202,0.000370185,-0.000255412,0.000115779,-0.392711832,0.600818696,0.040874842,,,,,
0.001646789,0.000370364,-0.000255799,0.000116541,-0.398738411,0.599178559,0.041017818,,,,,
0.001651376,0.000370545,-0.000256189,0.0001173,-0.404743723,0.59754277,0.041169058,,,,,
0.001655963,0.000370729,-0.000256584,0.000118055,-0.410728114,0.595910844,0.041328686,,,,,
0.00166055,0.000370916,-0.000256982,0.000118806,-0.416691942,0.59428227,0.041496837,,,,,
0.001665138,0.000371107,-0.000257384,0.000119552,-0.422635569,0.592656513,0.041673659,,,,,
0.001669725,0.000371302,-0.000257791,0.000120294,-0.428559367,0.591033007,0.04185931,,,,,
0.001674312,0.000371501,-0.000258201,0.000121031,-0.434463715,0.589411156,0.042053964,,,,,
0.001678899,0.000371704,-0.000258615,0.000121763,-0.440348995,0.58779033,0.042257802,,,,,
0.001683486,0.000371911,-0.000259033,0.000122489,-0.446215597,0.586169863,0.04247102,,,,,
0.001688073,0.000372124,-0.000259456,0.00012321,-0.452063914,0.584549053,0.042693825,,,,,
0.001692661,0.000372341,-0.000259882,0.000123925,-0.457894344,0.582927157,0.042926437,,,,,
0.001697248,0.000372564,-0.000260312,0.000124634,-0.463707287,0.581303393,0.043169087,,,,,
0.001701835,0.000372792,-0.000260747,0.000125336,-0.469503148,0.579676938,0.043422017,,,,,
0.001706422,0.000373026,-0.000261186,0.000126032,-0.475282329,0.578046923,0.043685482,,,,,
0.001711009,0.000373265,-0.000261629,0.000126721,-0.481045239,0.576412437,0.043959749,,,,,
0.001715596,0.000373511,-0.000262076,0.000127403,-0.486792283,0.574772523,0.044245096,,,,,
0.001720183,0.000373763,-0.000262527,0.000128078,-0.492523868,0.573126178,0.044541811,,,,,
0.001724771,0.000374021,-0.000262982,0.000128745,-0.498240399,0.571472354,0.044850196,,,,,
0.001729358,0.000374287,-0.000263442,0.000129405,-0.50394228,0.569809956,0.045170562,,,,,
0.001733945,0.000374559,-0.000263905,0.000130056,-0.509629912,0.568137841,0.045503231,,,,,
0.001738532,0.000374838,-0.000264373,0.0001307,-0.515303693,0.566454822,0.045848539,,,,,
0.001743119,0.000375124,-0.000264845,0.000131335,-0.520964017,0.564759666,0.046206827,,,,,
0.001747706,0.000375418,-0.000265322,0.000131961,-0.526611275,0.563051092,0.04657845,,,,,
0.001752294,0.00037572,-0.000265802,0.000132578,-0.53224585,0.561327778,0.046963772,,,,,
0.001756881,0.000376029,-0.000266287,0.000133187,-0.537868122,0.559588356,0.047363166,,,,,
0.001761468,0.000376347,-0.000266776,0.000133786,-0.543478463,0.557831417,0.047777017,,,,,
0.001766055,0.000376672,-0.000267269,0.000134375,-0.549077237,0.556055512,0.048205715,,,,,
0.001770642,0.000377006,-0.000267767,0.000134955,-0.5546648,0.554259152,0.048649662,,,,,
0.001775229,0.000377349,-0.000268268,0.000135525,-0.560241501,0.552440813,0.049109267,,,,,
0.001779817,0.0003777,-0.000268774,0.000136084,-0.565807678,0.550598933,0.049584946,,,,,
0.001784404,0.000378059,-0.000269284,0.000136633,-0.57136366,0.548731921,0.050077126,,,,,
0.001788991,0.000378428,-0.000269798,0.000137172,-0.576909764,0.546838154,0.050586237,,,,,
0.001793578,0.000378806,-0.000270316,0.000137699,-0.582446298,0.544915984,0.051112719,,,,,
0.001798165,0.000379193,-0.000270838,0.000138216,-0.587973554,0.542963736,0.051657017,,,,,
0.001802752,0.000379589,-0.000271364,0.000138721,-0.593491816,0.540979718,0.052219581,,,,,
0.001807339,0.000379994,-0.000271894,0.000139215,-0.599001352,0.538962217,0.052800869,,,,,
0.001811927,0.00038041,-0.000272429,0.000139698,-0.604502415,0.536909508,0.053401341,,,,,
0.001816514,0.000380834,-0.000272967,0.000140168,-0.609995247,0.534819855,0.054021464,,,,,
0.001821101,0.000381269,-0.00027351,0.000140626,-0.615480073,0.532691515,0.054661706,,,,,
0.001825688,0.000381713,-0.000274056,0.000141073,-0.620957101,0.530522743,0.055322542,,,,,
0.001830275,0.000382168,-0.000274606,0.000141506,-0.626426525,0.528311795,0.056004447,,,,,
0.001834862,0.000382632,-0.00027516,0.000141928,-0.63188852,0.526056931,0.0567079,,,,,
0.00183945,0.000383106,-0.000275718,0.000142336,-0.637343248,0.523756424,0.05743338,,,,,
0.001844037,0.000383591,-0.00027628,0.000142732,-0.642790847,0.521408559,0.058181368,,,,,
0.001848624,0.000384086,-0.000276845,0.000143114,-0.648231442,0.519011638,0.058952347,,,,,
0.001853211,0.000384591,-0.000277414,0.000143483,-0.653665136,0.51656399,0.059746798,,,,,
0.001857798,0.000385106,-0.000277987,0.000143839,-0.659092014,0.514063968,0.060565202,,,,,
0.001862385,0.000385632,-0.000278564,0.000144181,-0.66451214,0.511509958,0.061408039,,,,,
0.001866972,0.000386169,-0.000279144,0.000144509,-0.669925561,0.508900383,0.062275787,,,,,
0.00187156,0.000386716,-0.000279727,0.000144823,-0.675332299,0.506233706,0.063168921,,,,,
0.001876147,0.000387273,-0.000280315,0.000145123,-0.680732358,0.503508436,0.064087913,,,,,
0.001880734,0.000387842,-0.000280905,0.000145409,-0.686125719,0.500723132,0.065033232,,,,,
0.001885321,0.00038842,-0.000281499,0.00014568,-0.691512343,0.497876407,0.066005342,,,,,
0.001889908,0.00038901,-0.000282096,0.000145937,-0.696892167,0.494966933,0.067004702,,,,,
0.001894495,0.00038961,-0.000282697,0.000146179,-0.702265107,0.491993444,0.068031763,,,,,
0.001899083,0.00039022,-0.0002833,0.000146406,-0.707631056,0.488954743,0.069086974,,,,,
0.00190367,0.000390841,-0.000283907,0.000146618,-0.712989882,0.485849701,0.070170773,,,,,
0.001908257,0.000391473,-0.000284517,0.000146815,-0.718341432,0.482677268,0.071283592,,,,,
0.001912844,0.000392116,-0.000285129,0.000146997,-0.72368553,0.479436468,0.072425852,,,,,
0.001917431,0.000392769,-0.000285745,0.000147163,-0.729021974,0.476126411,0.073597969,,,,,
0.001922018,0.000393433,-0.000286364,0.000147314,-0.73435054,0.472746291,0.074800346,,,,,
0.001926606,0.000394107,-0.000286985,0.00014745,-0.739670978,0.469295389,0.076033376,,,,,
0.001931193,0.000394792,-0.000287609,0.000147569,-0.744983016,0.465773082,0.077297441,,,,,
0.00193578,0.000395487,-0.000288236,0.000147673,-0.750286356,0.462178837,0.07859291,,,,,
0.001940367,0.000396193,-0.000288865,0.00014776,-0.755580676,0.45851222,0.079920142,,,,,
0.001944954,0.000396909,-0.000289496,0.000147832,-0.760865629,0.454772897,0.081279479,,,,,
0.001949541,0.000397635,-0.00029013,0.000147888,-0.766140845,0.450960635,0.082671253,,,,,
0.001954128,0.000398372,-0.000290767,0.000147927,-0.771405928,0.447075301,0.084095777,,,,,
0.001958716,0.000399119,-0.000291405,0.00014795,-0.776660456,0.443116871,0.085553352,,,,,
0.001963303,0.000399876,-0.000292046,0.000147956,-0.781903987,0.439085422,0.087044262,,,,,
0.00196789,0.000400643,-0.000292688,0.000147946,-0.787136048,0.434981141,0.088568774,,,,,
0.001972477,0.00040142,-0.000293333,0.000147919,-0.792356147,0.43080432,0.090127137,,,,,
0.001977064,0.000402206,-0.000293979,0.000147876,-0.797563765,0.426555359,0.091719584,,,,,
0.001981651,0.000403003,-0.000294627,0.000147816,-0.802758359,0.422234763,0.093346328,,,,,
0.001986239,0.000403809,-0.000295277,0.000147739,-0.807939362,0.417843147,0.095007562,,,,,
0.001990826,0.000404624,-0.000295928,0.000147645,-0.813106182,0.413381227,0.096703462,,,,,
0.001995413,0.000405449,-0.000296581,0.000147534,-0.818258205,0.408849829,0.09843418,,,,,
0.002,0.000406283,-0.000297235,0.000147407,-0.823394791,0.404249879,0.100199849,,,,,
0.002004587,0.000407127,-0.00029789,0.000147262,-0.82851528,0.399582404,0.102000581,,,,,
0.002009174,0.000407979,-0.000298547,0.0001471,-0.833618985,0.394848531,0.103836464,,,,,
0.002013761,0.00040884,-0.000299204,0.000146921,-0.838705198,0.390049485,0.105707565,,,,,
0.002018349,0.00040971,-0.000299863,0.000146725,-0.843773189,0.385186583,0.107613926,,,,,
0.002022936,0.000410588,-0.000300522,0.000146512,-0.848822205,0.380261234,0.109555567,,,,,
0.002027523,0.000411475,-0.000301182,0.000146282,-0.853851469,0.375274933,0.111532482,,,,,
0.00203211,0.00041237,-0.000301842,0.000146034,-0.858860187,0.37022926,0.113544641,,,,,
0.002036697,0.000413273,-0.000302503,0.000145769,-0.863847541,0.365125872,0.115591989,,,,,
0.002041284,0.000414184,-0.000303164,0.000145487,-0.86881269,0.359966504,0.117674445,,,,,
0.002045872,0.000415103,-0.000303825,0.000145188,-0.873754778,0.354752957,0.119791901,,,,,
0.002050459,0.000416029,-0.000304487,0.000144871,-0.878672925,0.3494871,0.121944224,,,,,
0.002055046,0.000416962,-0.000305148,0.000144537,-0.883566233,0.34417086,0.124131253,,,,,
0.002059633,0.000417903,-0.00030581,0.000144186,-0.888433785,0.338806219,0.1263528,,,,,
0.00206422,0.000418851,-0.000306471,0.000143817,-0.893274645,0.333395204,0.128608649,,,,,
0.002068807,0.000419805,-0.000307131,0.000143432,-0.898087861,0.327939888,0.130898556,,,,,
0.002073395,0.000420766,-0.000307792,0.000143029,-0.90287246,0.322442376,0.133222248,,,,,
0.002077982,0.000421733,-0.000308451,0.000142609,-0.907627457,0.316904804,0.135579425,,,,,
0.002082569,0.000422706,-0.00030911,0.000142171,-0.912351847,0.311329326,0.137969756,,,,,
0.002087156,0.000423685,-0.000309767,0.000141717,-0.917044612,0.305718115,0.140392882,,,,,
0.002091743,0.00042467,-0.000310424,0.000141245,-0.921704716,0.30007335,0.142848415,,,,,
0.00209633,0.00042566,-0.00031108,0.000140757,-0.926331113,0.294397209,0.145335936,,,,,
0.002100917,0.000426655,-0.000311734,0.000140251,-0.930922739,0.288691863,0.147854998,,,,,
0.002105505,0.000427655,-0.000312386,0.000139728,-0.93547852,0.28295947,0.150405121,,,,,
0.002110092,0.000428659,-0.000313037,0.000139189,-0.939997369,0.277202162,0.152985799,,,,,
0.002114679,0.000429668,-0.000313687,0.000138632,-0.944478187,0.271422043,0.155596492,,,,,
0.002119266,0.000430682,-0.000314334,0.000138059,-0.948919864,0.265621177,0.158236632,,,,,
0.002123853,0.000431699,-0.00031498,0.000137469,-0.95332128,0.259801582,0.16090562,,,,,
0.00212844,0.000432719,-0.000315623,0.000136862,-0.957681307,0.253965222,0.163602827,,,,,
0.002133028,0.000433743,-0.000316264,0.000136239,-0.961998806,0.248113998,0.166327593,,,,,
0.002137615,0.000434771,-0.000316903,0.000135599,-0.966272633,0.242249742,0.169079228,,,,,
0.002142202,0.0004358,-0.000317538,0.000134943,-0.970501633,0.236374208,0.171857012,,,,,
0.002146789,0.000436833,-0.000318172,0.00013427,-0.974684649,0.230489063,0.174660195,,,,,
0.002151376,0.000437867,-0.000318802,0.000133581,-0.978820515,0.224595881,0.177487996,,,,,
0.002155963,0.000438904,-0.000319429,0.000132876,-0.982908063,0.218696136,0.180339605,,,,,
0.00216055,0.000439942,-0.000320053,0.000132155,-0.98694612,0.212791194,0.183214183,,,,,
0.002165138,0.000440982,-0.000320674,0.000131418,-0.990933509,0.206882305,0.186110858,,,,,
0.002169725,0.000442022,-0.000321291,0.000130665,-0.994869052,0.200970596,0.189028733,,,,,
0.002174312,0.000443064,-0.000321905,0.000129897,-0.998751569,0.195057067,0.19196688,,,,,
0.002178899,0.000444105,-0.000322514,0.000129113,-1.002579881,0.189142579,0.194924341,,,,,
0.002183486,0.000445147,-0.00032312,0.000128313,-1.006352806,0.183227855,0.197900132,,,,,
0.002188073,0.000446189,-0.000323722,0.000127498,-1.010069167,0.177313467,0.20089324,,,,,
0.002192661,0.00044723,-0.000324319,0.000126667,-1.013727787,0.171399835,0.203902622,,,,,
0.002197248,0.000448271,-0.000324913,0.000125822,-1.01732749,0.16548722,0.20692721,,,,,
0.002201835,0.00044931,-0.000325501,0.000124961,-1.020867108,0.159575718,0.20996591,,,,,
0.002206422,0.000450348,-0.000326085,0.000124086,-1.024345474,0.15366526,0.213017598,,,,,
0.002211009,0.000451384,-0.000326664,0.000123196,-1.027761429,0.1477556,0.216081127,,,,,
0.002215596,0.000452418,-0.000327237,0.000122292,-1.031113817,0.141846318,0.219155323,,,,,
0.002220183,0.000453449,-0.000327806,0.000121373,-1.034401492,0.135936814,0.222238988,,,,,
0.002224771,0.000454478,-0.000328369,0.00012044,-1.037623315,0.130026305,0.225330898,,,,,
0.002229358,0.000455504,-0.000328927,0.000119492,-1.040778155,0.124113823,0.228429805,,,,,
0.002233945,0.000456526,-0.000329479,0.000118531,-1.043864894,0.118198213,0.231534441,,,,,
0.002238532,0.000457545,-0.000330026,0.000117556,-1.046882419,0.112278131,0.234643512,,,,,
0.002243119,0.000458559,-0.000330566,0.000116567,-1.049829633,0.106352043,0.237755702,,,,,
0.002247706,0.000459569,-0.0003311,0.000115566,-1.052705449,0.100418226,0.240869676,,,,,
0.002252294,0.000460574,-0.000331628,0.00011455,-1.055508793,0.094474765,0.243984077,,,,,
0.002256881,0.000461574,-0.000332149,0.000113522,-1.058238607,0.088519559,0.247097527,,,,,
0.002261468,0.000462569,-0.000332664,0.000112481,-1.060893844,0.082550314,0.250208632,,,,,
0.002266055,0.000463558,-0.000333172,0.000111427,-1.063473476,0.076564552,0.253315976,,,,,
0.002270642,0.000464541,-0.000333673,0.000110361,-1.065976488,0.070559611,0.256418127,,,,,
0.002275229,0.000465517,-0.000334167,0.000109282,-1.068401884,0.064532645,0.259513638,,,,,
0.002279817,0.000466486,-0.000334654,0.000108191,-1.070748686,0.058480631,0.262601043,,,,,
0.002284404,0.000467449,-0.000335133,0.000107088,-1.073015933,0.052400371,0.265678864,,,,,
0.002288991,0.000468403,-0.000335605,0.000105974,-1.075202684,0.046288497,0.268745606,,,,,
0.002293578,0.00046935,-0.000336069,0.000104848,-1.077308019,0.040141475,0.271799763,,,,,
0.002298165,0.000470289,-0.000336525,0.00010371,-1.079331037,0.033955613,0.274839815,,,,,
0.002302752,0.000471219,-0.000336973,0.000102562,-1.081270859,0.027727064,0.277864231,,,,,
0.002307339,0.00047214,-0.000337412,0.000101402,-1.083126628,0.021451835,0.280871472,,,,,
0.002311927,0.000473052,-0.000337844,0.000100232,-1.084897512,0.015125792,0.283859985,,,,,
0.002316514,0.000473954,-0.000338267,9.91E-05,-1.086582698,0.00874467,0.286828213,,,,,
0.002321101,0.000474846,-0.000338681,9.79E-05,-1.0881814,0.00230408,0.289774588,,,,,
0.002325688,0.000475729,-0.000339086,9.67E-05,-1.089692858,-0.004200482,0.292697539,,,,,
0.002330275,0.0004766,-0.000339483,9.54E-05,-1.091116333,-0.010773627,0.295595485,,,,,
0.002334862,0.00047746,-0.00033987,9.42E-05,-1.092451117,-0.01742006,0.298466846,,,,,
0.00233945,0.000478309,-0.000340248,9.30E-05,-1.093696524,-0.024144575,0.301310035,,,,,
0.002344037,0.000479147,-0.000340616,9.18E-05,-1.094851898,-0.030952039,0.304123463,,,,,
0.002348624,0.000479972,-0.000340975,9.05E-05,-1.095916609,-0.037847386,0.306905541,,,,,
0.002353211,0.000480785,-0.000341324,8.93E-05,-1.096890055,-0.044835602,0.309654681,,,,,
0.002357798,0.000481585,-0.000341663,8.80E-05,-1.097771664,-0.051921714,0.312369293,,,,,
0.002362385,0.000482373,-0.000341993,8.67E-05,-1.098560892,-0.05911078,0.315047791,,,,,
0.002366972,0.000483147,-0.000342311,8.54E-05,-1.099257225,-0.066407873,0.317688592,,,,,
0.00237156,0.000483907,-0.00034262,8.42E-05,-1.099860178,-0.073818072,0.320290118,,,,,
0.002376147,0.000484653,-0.000342918,8.29E-05,-1.100369296,-0.081346446,0.322850795,,,,,
0.002380734,0.000485385,-0.000343205,8.16E-05,-1.100784156,-0.088998042,0.325369057,,,,,
0.002385321,0.000486102,-0.000343482,8.02E-05,-1.101104367,-0.096777872,0.327843344,,,,,
0.002389908,0.000486804,-0.000343747,7.89E-05,-1.101329566,-0.104690899,0.330272108,,,,,
0.002394495,0.000487491,-0.000344002,7.76E-05,-1.101459424,-0.112742021,0.332653808,,,,,
0.002399083,0.000488162,-0.000344245,7.63E-05,-1.101493643,-0.12093606,0.334986916,,,,,
0.00240367,0.000488817,-0.000344477,7.49E-05,-1.101431959,-0.129277749,0.337269915,,,,,
0.002408257,0.000489456,-0.000344697,7.36E-05,-1.101274139,-0.137771711,0.339501301,,,,,
0.002412844,0.000490078,-0.000344906,7.22E-05,-1.101019983,-0.146422454,0.341679587,,,,,
0.002417431,0.000490683,-0.000345102,7.09E-05,-1.100669323,-0.155234349,0.3438033,,,,,
0.002422018,0.000491271,-0.000345287,6.95E-05,-1.100222025,-0.164211621,0.345870984,,,,,
0.002426606,0.000491842,-0.00034546,6.82E-05,-1.099677989,-0.173358332,0.3478812,,,,,
0.002431193,0.000492394,-0.000345621,6.68E-05,-1.099037147,-0.182678368,0.34983253,,,,,
0.00243578,0.000492929,-0.000345769,6.54E-05,-1.098299464,-0.192175425,0.351723575,,,,,
0.002440367,0.000493445,-0.000345904,6.41E-05,-1.097464939,-0.201852996,0.353552957,,,,,
0.002444954,0.000493942,-0.000346028,6.27E-05,-1.096533606,-0.211714356,0.355319322,,,,,
0.002449541,0.000494421,-0.000346138,6.13E-05,-1.09550553,-0.221762551,0.357021336,,,,,
0.002454128,0.00049488,-0.000346235,5.99E-05,-1.094380811,-0.232000381,0.358657694,,,,,
0.002458716,0.000495319,-0.00034632,5.85E-05,-1.093159582,-0.242430392,0.360227112,,,,,
0.002463303,0.000495739,-0.000346391,5.71E-05,-1.09184201,-0.253054862,0.361728335,,,,,
0.00246789,0.000496138,-0.000346449,5.58E-05,-1.090428294,-0.263875786,0.363160137,,,,,
0.002472477,0.000496517,-0.000346494,5.44E-05,-1.088918667,-0.274894869,0.364521317,,,,,
0.002477064,0.000496875,-0.000346525,5.30E-05,-1.087313395,-0.286113513,0.365810706,,,,,
0.002481651,0.000497213,-0.000346543,5.16E-05,-1.085612778,-0.297532803,0.367027165,,,,,
0.002486239,0.000497529,-0.000346547,5.02E-05,-1.083817146,-0.309153504,0.368169587,,,,,
0.002490826,0.000497824,-0.000346537,4.88E-05,-1.081926863,-0.320976044,0.369236897,,,,,
0.002495413,0.000498097,-0.000346513,4.74E-05,-1.079942327,-0.33300051,0.370228053,,,,,
0.0025,0.000498348,-0.000346475,4.60E-05,-1.077863964,-0.345226637,0.371142049,,,,,
0.002504587,0.000498577,-0.000346423,4.46E-05,-1.075692235,-0.357653801,0.371977911,,,,,
0.002509174,0.000498784,-0.000346356,4.32E-05,-1.073427631,-0.37028101,0.372734705,,,,,
0.002513761,0.000498968,-0.000346275,4.18E-05,-1.071070674,-0.3831069,0.373411531,,,,,
0.002518349,0.000499129,-0.00034618,4.04E-05,-1.068621917,-0.396129728,0.374007528,,,,,
0.002522936,0.000499267,-0.00034607,3.90E-05,-1.066081944,-0.409347367,0.374521872,,,,,
0.002527523,0.000499382,-0.000345945,3.76E-05,-1.063451367,-0.422757298,0.374953781,,,,,
0.00253211,0.000499473,-0.000345806,3.62E-05,-1.060730828,-0.436356614,0.375302511,,,,,
0.002536697,0.000499541,-0.000345652,3.48E-05,-1.057921001,-0.450142009,0.37556736,,,,,
0.002541284,0.000499585,-0.000345483,3.34E-05,-1.055022583,-0.46410978,0.375747664,,,,,
0.002545872,0.000499604,-0.000345298,3.20E-05,-1.052036304,-0.478255825,0.375842806,,,,,
0.002550459,0.000499599,-0.000345099,3.06E-05,-1.048962919,-0.492575642,0.375852209,,,,,
0.002555046,0.00049957,-0.000344884,2.92E-05,-1.045803211,-0.50706433,0.375775339,,,,,
0.002559633,0.000499517,-0.000344654,2.78E-05,-1.042557989,-0.521716588,0.375611707,,,,,
0.00256422,0.000499438,-0.000344408,2.64E-05,-1.039228087,-0.536526718,0.375360868,,,,,
0.002568807,0.000499335,-0.000344147,2.50E-05,-1.035814367,-0.55148863,0.375022422,,,,,
0.002573395,0.000499206,-0.000343871,2.37E-05,-1.032317712,-0.566595842,0.374596014,,,,,
0.002577982,0.000499052,-0.000343579,2.23E-05,-1.028739031,-0.581841485,0.374081335,,,,,
0.002582569,0.000498873,-0.000343271,2.09E-05,-1.025079258,-0.597218312,0.373478122,,,,,
0.002587156,0.000498668,-0.000342947,1.96E-05,-1.021339346,-0.612718698,0.372786161,,,,,
0.002591743,0.000498437,-0.000342608,1.82E-05,-1.017520274,-0.628334651,0.372005281,,,,,
0.00259633,0.000498181,-0.000342252,1.69E-05,-1.013623039,-0.644057821,0.371135362,,,,,
0.002600917,0.000497898,-0.000341881,1.55E-05,-1.00964866,-0.659879503,0.370176329,,,,,
0.002605505,0.00049759,-0.000341493,1.42E-05,-1.005598177,-0.675790651,0.369128157,,,,,
0.002610092,0.000497255,-0.00034109,1.28E-05,-1.001472648,-0.691781889,0.367990866,,,,,
0.002614679,0.000496894,-0.00034067,1.15E-05,-0.99727315,-0.707843518,0.366764529,,,,,
0.002619266,0.000496507,-0.000340234,1.02E-05,-0.993000776,-0.723965529,0.365449262,,,,,
0.002623853,0.000496093,-0.000339781,8.83E-06,-0.988656639,-0.740137618,0.364045233,,,,,
0.00262844,0.000495653,-0.000339313,7.52E-06,-0.984241865,-0.756349197,0.362552659,,,,,
0.002633028,0.000495186,-0.000338828,6.21E-06,-0.979757598,-0.772589408,0.360971803,,,,,
0.002637615,0.000494692,-0.000338327,4.91E-06,-0.975204994,-0.788847138,0.359302977,,,,,
0.002642202,0.000494172,-0.000337809,3.61E-06,-0.970585225,-0.805111037,0.357546545,,,,,
0.002646789,0.000493625,-0.000337274,2.32E-06,-0.965899475,-0.821369528,0.355702915,,,,,
0.002651376,0.000493051,-0.000336724,1.04E-06,-0.961148939,-0.837610828,0.353772546,,,,,
0.002655963,0.00049245,-0.000336156,-2.34E-07,-0.956334825,-0.853822966,0.351755944,,,,,
0.00266055,0.000491822,-0.000335572,-1.50E-06,-0.951458351,-0.869993797,0.349653666,,,,,
0.002665138,0.000491166,-0.000334972,-2.76E-06,-0.946520743,-0.886111025,0.347466312,,,,,
0.002669725,0.000490484,-0.000334355,-4.01E-06,-0.941523238,-0.902162215,0.345194533,,,,,
0.002674312,0.000489775,-0.000333721,-5.25E-06,-0.93646708,-0.918134821,0.342839027,,,,,
0.002678899,0.000489039,-0.00033307,-6.48E-06,-0.931353518,-0.934016196,0.340400538,,,,,
0.002683486,0.000488276,-0.000332403,-7.71E-06,-0.926183811,-0.949793622,0.337879858,,,,,
0.002688073,0.000487486,-0.000331719,-8.92E-06,-0.92095922,-0.965454321,0.335277824,,,,,
0.002692661,0.000486668,-0.000331018,-1.01E-05,-0.915681011,-0.980985484,0.332595319,,,,,
0.002697248,0.000485824,-0.000330301,-1.13E-05,-0.910350455,-0.996374284,0.329833271,,,,,
0.002701835,0.000484952,-0.000329567,-1.25E-05,-0.904968824,-1.011607905,0.326992655,,,,,
0.002706422,0.000484054,-0.000328816,-1.37E-05,-0.899537394,-1.026673556,0.324074488,,,,,
0.002711009,0.000483129,-0.000328048,-1.49E-05,-0.894057439,-1.041558498,0.321079832,,,,,
0.002715596,0.000482176,-0.000327264,-1.60E-05,-0.888530235,-1.056250065,0.318009791,,,,,
0.002720183,0.000481197,-0.000326463,-1.72E-05,-0.882957057,-1.07073568,0.314865513,,,,,
0.002724771,0.000480191,-0.000325645,-1.83E-05,-0.877339178,-1.085002884,0.311648186,,,,,
0.002729358,0.000479158,-0.000324811,-1.94E-05,-0.871677869,-1.099039354,0.308359042,,,,,
0.002733945,0.000478099,-0.000323959,-2.06E-05,-0.865974398,-1.112832925,0.304999351,,,,,
0.002738532,0.000477013,-0.000323092,-2.17E-05,-0.860230029,-1.126371611,0.301570423,,,,,
0.002743119,0.0004759,-0.000322207,-2.28E-05,-0.854446018,-1.139643626,0.298073608,,,,,
0.002747706,0.000474761,-0.000321306,-2.38E-05,-0.84862362,-1.152637407,0.294510293,,,,,
0.002752294,0.000473596,-0.000320388,-2.49E-05,-0.84276408,-1.165341632,0.290881903,,,,,
0.002756881,0.000472404,-0.000319454,-2.60E-05,-0.836868637,-1.177745243,0.287189899,,,,,
0.002761468,0.000471186,-0.000318503,-2.70E-05,-0.830938522,-1.189837464,0.283435777,,,,,
0.002766055,0.000469942,-0.000317535,-2.81E-05,-0.824974956,-1.201607821,0.279621069,,,,,
0.002770642,0.000468672,-0.000316551,-2.91E-05,-0.818979152,-1.213046164,0.275747338,,,,,
0.002775229,0.000467377,-0.000315551,-3.01E-05,-0.812952311,-1.224142682,0.271816182,,,,,
0.002779817,0.000466056,-0.000314534,-3.11E-05,-0.806895622,-1.234887924,0.267829229,,,,,
0.002784404,0.000464709,-0.0003135,-3.21E-05,-0.800810265,-1.245272813,0.263788139,,,,,
0.002788991,0.000463337,-0.000312451,-3.31E-05,-0.794697406,-1.25528867,0.2596946,,,,,
0.002793578,0.00046194,-0.000311385,-3.41E-05,-0.788558196,-1.264927222,0.25555033,,,,,
0.002798165,0.000460517,-0.000310303,-3.50E-05,-0.782393774,-1.274180625,0.251357071,,,,,
0.002802752,0.00045907,-0.000309205,-3.60E-05,-0.776205263,-1.283041474,0.247116596,,,,,
0.002807339,0.000457598,-0.000308091,-3.69E-05,-0.769993772,-1.291502823,0.242830699,,,,,
0.002811927,0.000456101,-0.00030696,-3.78E-05,-0.763760393,-1.299558191,0.238501199,,,,,
0.002816514,0.000454581,-0.000305814,-3.87E-05,-0.757506201,-1.307201581,0.234129939,,,,,
0.002821101,0.000453035,-0.000304652,-3.96E-05,-0.751232254,-1.314427489,0.229718781,,,,,
0.002825688,0.000451466,-0.000303474,-4.05E-05,-0.744939593,-1.321230918,0.22526961,,,,,
0.002830275,0.000449874,-0.00030228,-4.14E-05,-0.73862924,-1.327607385,0.220784329,,,,,
0.002834862,0.000448257,-0.00030107,-4.22E-05,-0.732302198,-1.333552929,0.216264856,,,,,
0.00283945,0.000446617,-0.000299845,-4.31E-05,-0.72595945,-1.339064125,0.211713131,,,,,
0.002844037,0.000444954,-0.000298604,-4.39E-05,-0.71960196,-1.344138088,0.207131104,,,,,
0.002848624,0.000443269,-0.000297348,-4.47E-05,-0.713230671,-1.348772478,0.202520741,,,,,
0.002853211,0.00044156,-0.000296077,-4.55E-05,-0.706846504,-1.352965508,0.197884023,,,,,
0.002857798,0.000439829,-0.00029479,-4.63E-05,-0.700450361,-1.356715948,0.193222938,,,,,
0.002862385,0.000438076,-0.000293488,-4.71E-05,-0.69404312,-1.360023125,0.188539487,,,,,
0.002866972,0.000436301,-0.000292171,-4.78E-05,-0.687625636,-1.362886932,0.18383568,,,,,
0.00287156,0.000434504,-0.000290838,-4.86E-05,-0.681198745,-1.365307825,0.179113532,,,,,
0.002876147,0.000432686,-0.000289491,-4.93E-05,-0.674763256,-1.36728682,0.174375065,,,,,
0.002880734,0.000430846,-0.00028813,-5.00E-05,-0.668319957,-1.368825501,0.169622308,,,,,
0.002885321,0.000428986,-0.000286753,-5.07E-05,-0.661869611,-1.369926011,0.164857291,,,,,
0.002889908,0.000427105,-0.000285362,-5.14E-05,-0.655412958,-1.370591052,0.160082047,,,,,
0.002894495,0.000425203,-0.000283956,-5.21E-05,-0.648950713,-1.370823879,0.155298609,,,,,
0.002899083,0.000423282,-0.000282536,-5.28E-05,-0.642483567,-1.370628298,0.150509009,,,,,
0.00290367,0.00042134,-0.000281102,-5.34E-05,-0.636012185,-1.370008661,0.14571528,,,,,
0.002908257,0.000419379,-0.000279654,-5.41E-05,-0.629537209,-1.368969851,0.140919449,,,,,
0.002912844,0.000417399,-0.000278191,-5.47E-05,-0.623059253,-1.367517286,0.136123538,,,,,
0.002917431,0.0004154,-0.000276715,-5.53E-05,-0.616578909,-1.365656898,0.131329565,,,,,
0.002922018,0.000413382,-0.000275225,-5.59E-05,-0.610096742,-1.363395133,0.12653954,,,,,
0.002926606,0.000411346,-0.000273721,-5.65E-05,-0.60361329,-1.360738934,0.121755465,,,,,
0.002931193,0.000409293,-0.000272204,-5.71E-05,-0.597129067,-1.35769573,0.116979331,,,,,
0.00293578,0.000407221,-0.000270673,-5.77E-05,-0.590644562,-1.354273427,0.112213118,,,,,
0.002940367,0.000405132,-0.000269129,-5.82E-05,-0.584160235,-1.350480388,0.107458795,,,,,
0.002944954,0.000403026,-0.000267572,-5.87E-05,-0.577676524,-1.346325425,0.102718315,,,,,
0.002949541,0.000400903,-0.000266002,-5.92E-05,-0.571193838,-1.341817778,0.097993618,,,,,
0.002954128,0.000398764,-0.000264419,-5.98E-05,-0.564712563,-1.336967102,0.093286628,,,,,
0.002958716,0.000396609,-0.000262824,-6.02E-05,-0.558233057,-1.331783451,0.088599249,,,,,
0.002963303,0.000394438,-0.000261216,-6.07E-05,-0.551755653,-1.326277258,0.083933369,,,,,
0.00296789,0.000392252,-0.000259595,-6.12E-05,-0.545280659,-1.320459314,0.079290854,,,,,
0.002972477,0.00039005,-0.000257962,-6.16E-05,-0.538808356,-1.314340757,0.074673551,,,,,
0.002977064,0.000387834,-0.000256317,-6.21E-05,-0.532339003,-1.307933045,0.070083284,,,,,
0.002981651,0.000385604,-0.00025466,-6.25E-05,-0.52587283,-1.301247938,0.065521853,,,,,
0.002986239,0.00038336,-0.000252992,-6.29E-05,-0.519410043,-1.294297478,0.060991034,,,,,
0.002990826,0.000381102,-0.000251311,-6.33E-05,-0.512950825,-1.287093966,0.056492577,,,,,
0.002995413,0.000378832,-0.000249619,-6.37E-05,-0.506495333,-1.279649943,0.052028206,,,,,
0.003,0.000376548,-0.000247916,-6.41E-05,-0.5000437,-1.271978163,0.047599616,,,,,
0.003004587,0.000374251,-0.000246202,-6.45E-05,-0.493596034,-1.264091577,0.043208474,,,,,
0.003009174,0.000371943,-0.000244477,-6.48E-05,-0.487152421,-1.256003304,0.038856419,,,,,
0.003013761,0.000369623,-0.00024274,-6.51E-05,-0.480712922,-1.24772661,0.034545055,,,,,
0.003018349,0.000367291,-0.000240993,-6.55E-05,-0.474277577,-1.239274885,0.030275959,,,,,
0.003022936,0.000364949,-0.000239236,-6.58E-05,-0.4678464,-1.230661622,0.02605067,,,,,
0.003027523,0.000362596,-0.000237468,-6.61E-05,-0.461419385,-1.221900385,0.021870699,,,,,
0.00303211,0.000360232,-0.00023569,-6.64E-05,-0.454996503,-1.213004797,0.017737518,,,,,
0.003036697,0.000357859,-0.000233903,-6.66E-05,-0.448577705,-1.203988503,0.013652565,,,,,
0.003041284,0.000355477,-0.000232105,-6.69E-05,-0.442162918,-1.194865159,0.009617244,,,,,
0.003045872,0.000353085,-0.000230298,-6.71E-05,-0.43575205,-1.185648399,0.00563292,,,,,
0.003050459,0.000350684,-0.000228481,-6.74E-05,-0.42934499,-1.176351814,0.001700919,,,,,
0.003055046,0.000348276,-0.000226655,-6.76E-05,-0.422941604,-1.166988931,-0.00217747,,,,,
0.003059633,0.000345859,-0.00022482,-6.78E-05,-0.41654174,-1.157573186,-0.006000995,,,,,
0.00306422,0.000343435,-0.000222976,-6.80E-05,-0.410145229,-1.148117904,-0.009768448,,,,,
0.003068807,0.000341003,-0.000221123,-6.82E-05,-0.403751881,-1.138636274,-0.013478659,,,,,
0.003073395,0.000338565,-0.000219262,-6.84E-05,-0.39736149,-1.129141328,-0.017130499,,,,,
0.003077982,0.000336121,-0.000217393,-6.86E-05,-0.390973831,-1.11964592,-0.020722882,,,,,
0.003082569,0.00033367,-0.000215515,-6.87E-05,-0.384588665,-1.1101627,-0.024254763,,,,,
0.003087156,0.000331215,-0.00021363,-6.89E-05,-0.378205733,-1.1007041,-0.027725139,,,,,
0.003091743,0.000328753,-0.000211736,-6.90E-05,-0.371824765,-1.091282307,-0.031133052,,,,,
0.00309633,0.000326288,-0.000209835,-6.91E-05,-0.365445473,-1.081909247,-0.034477587,,,,,
0.003100917,0.000323817,-0.000207927,-6.92E-05,-0.359067556,-1.072596563,-0.037757872,,,,,
0.003105505,0.000321343,-0.000206012,-6.94E-05,-0.352690697,-1.063355601,-0.04097308,,,,,
0.003110092,0.000318865,-0.000204089,-6.94E-05,-0.34631457,-1.054197385,-0.044122428,,,,,
0.003114679,0.000316384,-0.00020216,-6.95E-05,-0.339938832,-1.045132608,-0.04720518,,,,,
0.003119266,0.0003139,-0.000200225,-6.96E-05,-0.333563133,-1.036171607,-0.050220641,,,,,
0.003123853,0.000311414,-0.000198283,-6.97E-05,-0.327187106,-1.027324355,-0.053168165,,,,,
0.00312844,0.000308926,-0.000196334,-6.97E-05,-0.32081038,-1.018600441,-0.056047151,,,,,
0.003133028,0.000306436,-0.00019438,-6.98E-05,-0.314432569,-1.010009059,-0.058857042,,,,,
0.003137615,0.000303945,-0.00019242,-6.98E-05,-0.308053279,-1.001558993,-0.061597328,,,,,
0.003142202,0.000301454,-0.000190455,-6.98E-05,-0.301672111,-0.993258606,-0.064267544,,,,,
0.003146789,0.000298961,-0.000188484,-6.98E-05,-0.295288653,-0.985115829,-0.066867273,,,,,
0.003151376,0.000296469,-0.000186508,-6.98E-05,-0.288902489,-0.97713815,-0.06939614,,,,,
0.003155963,0.000293977,-0.000184527,-6.98E-05,-0.282513195,-0.969332603,-0.071853818,,,,,
0.00316055,0.000291486,-0.000182542,-6.98E-05,-0.276120344,-0.961705764,-0.074240027,,,,,
0.003165138,0.000288996,-0.000180552,-6.98E-05,-0.269723501,-0.95426374,-0.076554529,,,,,
0.003169725,0.000286507,-0.000178557,-6.98E-05,-0.263322226,-0.947012165,-0.078797135,,,,,
0.003174312,0.00028402,-0.000176559,-6.97E-05,-0.25691608,-0.939956193,-0.0809677,,,,,
0.003178899,0.000281536,-0.000174556,-6.97E-05,-0.250504615,-0.933100494,-0.083066121,,,,,
0.003183486,0.000279054,-0.00017255,-6.96E-05,-0.244087385,-0.926449252,-0.085092345,,,,,
0.003188073,0.000276575,-0.000170541,-6.96E-05,-0.237663941,-0.920006162,-0.087046358,,,,,
0.003192661,0.0002741,-0.000168528,-6.95E-05,-0.231233832,-0.91377443,-0.088928194,,,,,
0.003197248,0.000271628,-0.000166512,-6.94E-05,-0.224796609,-0.90775677,-0.090737929,,,,,
0.003201835,0.000269161,-0.000164494,-6.93E-05,-0.218351821,-0.901955409,-0.092475682,,,,,
0.003206422,0.000266698,-0.000162473,-6.92E-05,-0.21189902,-0.896372084,-0.094141616,,,,,
0.003211009,0.00026424,-0.000160449,-6.91E-05,-0.205437759,-0.891008053,-0.095735934,,,,,
0.003215596,0.000261787,-0.000158423,-6.90E-05,-0.198967593,-0.885864089,-0.097258884,,,,,
0.003220183,0.00025934,-0.000156395,-6.89E-05,-0.19248808,-0.880940492,-0.098710753,,,,,
0.003224771,0.000256898,-0.000154366,-6.88E-05,-0.185998784,-0.876237094,-0.100091869,,,,,
0.003229358,0.000254463,-0.000152335,-6.87E-05,-0.179499271,-0.871753265,-0.101402601,,,,,
0.003233945,0.000252035,-0.000150303,-6.85E-05,-0.172989113,-0.86748792,-0.102643356,,,,,
0.003238532,0.000249614,-0.000148269,-6.84E-05,-0.166467886,-0.863439528,-0.103814581,,,,,
0.003243119,0.0002472,-0.000146235,-6.83E-05,-0.159935175,-0.859606125,-0.104916761,,,,,
0.003247706,0.000244793,-0.0001442,-6.81E-05,-0.15339057,-0.855985321,-0.105950417,,,,,
0.003252294,0.000242395,-0.000142165,-6.80E-05,-0.146833669,-0.852574313,-0.106916109,,,,,
0.003256881,0.000240005,-0.000140129,-6.78E-05,-0.140264078,-0.849369896,-0.107814432,,,,,
0.003261468,0.000237624,-0.000138093,-6.76E-05,-0.133681413,-0.846368478,-0.108646014,,,,,
0.003266055,0.000235251,-0.000136058,-6.75E-05,-0.127085296,-0.843566094,-0.109411519,,,,,
0.003270642,0.000232889,-0.000134023,-6.73E-05,-0.120475363,-0.840958416,-0.110111645,,,,,
0.003275229,0.000230535,-0.000131988,-6.71E-05,-0.113851257,-0.838540775,-0.110747121,,,,,
0.003279817,0.000228192,-0.000129954,-6.69E-05,-0.107212633,-0.836308172,-0.111318709,,,,,
0.003284404,0.000225859,-0.000127922,-6.67E-05,-0.100559157,-0.834255296,-0.1118272,,,,,
0.003288991,0.000223537,-0.00012589,-6.65E-05,-0.093890509,-0.832376541,-0.112273415,,,,,
0.003293578,0.000221225,-0.000123861,-6.63E-05,-0.087206378,-0.830666022,-0.112658206,,,,,
0.003298165,0.000218925,-0.000121832,-6.61E-05,-0.080506468,-0.829117597,-0.11298245,,,,,
0.003302752,0.000216636,-0.000119806,-6.59E-05,-0.073790495,-0.827724882,-0.113247052,,,,,
0.003307339,0.000214359,-0.000117782,-6.57E-05,-0.067058192,-0.826481269,-0.113452942,,,,,
0.003311927,0.000212094,-0.00011576,-6.55E-05,-0.060309301,-0.825379949,-0.113601075,,,,,
0.003316514,0.000209841,-0.00011374,-6.53E-05,-0.053543583,-0.824413928,-0.113692431,,,,,
0.003321101,0.000207601,-0.000111724,-6.51E-05,-0.046760811,-0.823576048,-0.113728011,,,,,
0.003325688,0.000205374,-0.00010971,-6.49E-05,-0.039960776,-0.822859009,-0.113708837,,,,,
0.003330275,0.00020316,-0.000107699,-6.46E-05,-0.033143283,-0.822255383,-0.113635953,,,,,
0.003334862,0.000200959,-0.000105692,-6.44E-05,-0.026308153,-0.821757642,-0.113510421,,,,,
0.00333945,0.000198772,-0.000103688,-6.42E-05,-0.019455225,-0.821358173,-0.113333322,,,,,
0.003344037,0.000196599,-0.000101688,-6.39E-05,-0.012584352,-0.821049299,-0.113105753,,,,,
0.003348624,0.00019444,-9.97E-05,-6.37E-05,-0.005695406,-0.8208233,-0.112828828,,,,,
0.003353211,0.000192295,-9.77E-05,-6.35E-05,0.001211724,-0.820672433,-0.112503675,,,,,
0.003357798,0.000190165,-9.57E-05,-6.32E-05,0.008137131,-0.820588954,-0.112131437,,,,,
0.003362385,0.00018805,-9.37E-05,-6.30E-05,0.015080892,-0.820565131,-0.111713266,,,,,
0.003366972,0.00018595,-9.18E-05,-6.28E-05,0.022043064,-0.820593273,-0.11125033,,,,,
0.00337156,0.000183865,-8.98E-05,-6.25E-05,0.029023688,-0.820665743,-0.110743802,,,,,
0.003376147,0.000181796,-8.78E-05,-6.23E-05,0.036022784,-0.820774978,-0.110194869,,,,,
0.003380734,0.000179743,-8.58E-05,-6.20E-05,0.043040357,-0.820913508,-0.109604722,,,,,
0.003385321,0.000177705,-8.39E-05,-6.18E-05,0.05007639,-0.821073976,-0.10897456,,,,,
0.003389908,0.000175684,-8.19E-05,-6.15E-05,0.057130848,-0.821249153,-0.108305588,,,,,
0.003394495,0.000173679,-8.00E-05,-6.13E-05,0.064203679,-0.821431958,-0.107599013,,,,,
0.003399083,0.00017169,-7.81E-05,-6.10E-05,0.071294811,-0.821615471,-0.106856049,,,,,
0.00340367,0.000169718,-7.61E-05,-6.08E-05,0.078404152,-0.821792955,-0.106077907,,,,,
0.003408257,0.000167763,-7.42E-05,-6.06E-05,0.085531592,-0.821957866,-0.105265804,,,,,
0.003412844,0.000165825,-7.23E-05,-6.03E-05,0.092677002,-0.822103869,-0.104420952,,,,,
0.003417431,0.000163904,-7.04E-05,-6.01E-05,0.099840234,-0.822224858,-0.103544565,,,,,
0.003422018,0.000162001,-6.85E-05,-5.98E-05,0.10702112,-0.822314961,-0.102637851,,,,,
0.003426606,0.000160115,-6.66E-05,-5.96E-05,0.114219474,-0.822368559,-0.101702018,,,,,
0.003431193,0.000158246,-6.47E-05,-5.93E-05,0.12143509,-0.822380297,-0.100738266,,,,,
0.00343578,0.000156396,-6.28E-05,-5.91E-05,0.128667746,-0.822345093,-0.099747791,,,,,
0.003440367,0.000154563,-6.09E-05,-5.88E-05,0.135917196,-0.822258151,-0.098731781,,,,,
0.003444954,0.000152748,-5.90E-05,-5.86E-05,0.143183181,-0.822114971,-0.097691416,,,,,
0.003449541,0.000150952,-5.72E-05,-5.83E-05,0.150465419,-0.821911357,-0.096627867,,,,,
0.003454128,0.000149173,-5.53E-05,-5.81E-05,0.157763612,-0.821643423,-0.095542293,,,,,
0.003458716,0.000147414,-5.35E-05,-5.79E-05,0.165077443,-0.821307604,-0.094435846,,,,,
0.003463303,0.000145672,-5.17E-05,-5.76E-05,0.172406578,-0.820900659,-0.093309661,,,,,
0.00346789,0.000143949,-4.98E-05,-5.74E-05,0.179750663,-0.820419681,-0.092164862,,,,,
0.003472477,0.000142245,-4.80E-05,-5.72E-05,0.187109328,-0.819862094,-0.091002558,,,,,
0.003477064,0.00014056,-4.62E-05,-5.69E-05,0.194482185,-0.819225664,-0.089823844,,,,,
0.003481651,0.000138893,-4.44E-05,-5.67E-05,0.20186883,-0.818508497,-0.088629798,,,,,
0.003486239,0.000137245,-4.26E-05,-5.65E-05,0.20926884,-0.817709042,-0.08742148,,,,,
0.003490826,0.000135616,-4.08E-05,-5.62E-05,0.216681776,-0.816826094,-0.086199934,,,,,
0.003495413,0.000134007,-3.91E-05,-5.60E-05,0.224107184,-0.815858788,-0.084966183,,,,,
0.0035,0.000132416,-3.73E-05,-5.58E-05,0.231544593,-0.814806604,-0.083721231,,,,,
0.003504587,0.000130845,-3.56E-05,-5.56E-05,0.238993516,-0.813669364,-0.082466064,,,,,
0.003509174,0.000129292,-3.38E-05,-5.54E-05,0.246453452,-0.812447224,-0.081201642,,,,,
0.003513761,0.000127759,-3.21E-05,-5.51E-05,0.253923883,-0.811140677,-0.079928906,,,,,
0.003518349,0.000126245,-3.04E-05,-5.49E-05,0.261404278,-0.809750544,-0.078648774,,,,,
0.003522936,0.00012475,-2.87E-05,-5.47E-05,0.268894091,-0.80827797,-0.077362139,,,,,
0.003527523,0.000123275,-2.70E-05,-5.45E-05,0.276392762,-0.806724416,-0.076069872,,,,,
0.00353211,0.000121819,-2.53E-05,-5.43E-05,0.283899718,-0.805091656,-0.074772816,,,,,
0.003536697,0.000120382,-2.36E-05,-5.41E-05,0.291414373,-0.803381764,-0.073471791,,,,,
0.003541284,0.000118965,-2.20E-05,-5.39E-05,0.298936128,-0.801597107,-0.072167591,,,,,
0.003545872,0.000117566,-2.03E-05,-5.37E-05,0.306464373,-0.799740337,-0.07086098,,,,,
0.003550459,0.000116187,-1.87E-05,-5.35E-05,0.313998484,-0.797814378,-0.069552698,,,,,
0.003555046,0.000114828,-1.71E-05,-5.33E-05,0.321537827,-0.795822418,-0.068243456,,,,,
0.003559633,0.000113487,-1.55E-05,-5.32E-05,0.329081758,-0.793767895,-0.066933937,,,,,
0.00356422,0.000112166,-1.39E-05,-5.30E-05,0.336629622,-0.791654485,-0.065624794,,,,,
0.003568807,0.000110864,-1.23E-05,-5.28E-05,0.344180753,-0.789486091,-0.064316652,,,,,
0.003573395,0.000109581,-1.07E-05,-5.26E-05,0.351734477,-0.787266827,-0.063010107,,,,,
0.003577982,0.000108317,-9.12E-06,-5.24E-05,0.359290112,-0.785001006,-0.061705724,,,,,
0.003582569,0.000107072,-7.57E-06,-5.23E-05,0.366846966,-0.782693123,-0.060404038,,,,,
0.003587156,0.000105847,-6.03E-06,-5.21E-05,0.374404339,-0.780347844,-0.059105553,,,,,
0.003591743,0.00010464,-4.50E-06,-5.19E-05,0.381961524,-0.777969986,-0.057810742,,,,,
0.00359633,0.000103452,-2.99E-06,-5.18E-05,0.389517809,-0.775564507,-0.056520049,,,,,
0.003600917,0.000102282,-1.49E-06,-5.16E-05,0.397072474,-0.773136483,-0.055233884,,,,,
0.003605505,0.000101132,-2.29E-09,-5.15E-05,0.404624793,-0.770691097,-0.053952627,,,,,
0.003610092,1.00E-04,1.47E-06,-5.13E-05,0.412174035,-0.76823362,-0.052676628,,,,,
0.003614679,9.89E-05,2.93E-06,-5.12E-05,0.419719466,-0.765769395,-0.051406202,,,,,
0.003619266,9.78E-05,4.38E-06,-5.11E-05,0.427260345,-0.763303821,-0.050141634,,,,,
0.003623853,9.67E-05,5.81E-06,-5.09E-05,0.43479593,-0.760842333,-0.048883178,,,,,
0.00362844,9.57E-05,7.23E-06,-5.08E-05,0.442325474,-0.758390387,-0.047631056,,,,,
0.003633028,9.46E-05,8.64E-06,-5.07E-05,0.44984823,-0.755953444,-0.046385457,,,,,
0.003637615,9.36E-05,1.00E-05,-5.05E-05,0.457363445,-0.753536949,-0.045146539,,,,,
0.003642202,9.26E-05,1.14E-05,-5.04E-05,0.464870369,-0.751146318,-0.04391443,,,,,
0.003646789,9.16E-05,1.28E-05,-5.03E-05,0.472368249,-0.748786918,-0.042689225,,,,,
0.003651376,9.06E-05,1.41E-05,-5.02E-05,0.47985633,-0.746464052,-0.041470988,,,,,
0.003655963,8.97E-05,1.55E-05,-5.01E-05,0.48733386,-0.744182943,-0.040259753,,,,,
0.00366055,8.87E-05,1.68E-05,-5.00E-05,0.494800087,-0.741948713,-0.039055522,,,,,
0.003665138,8.78E-05,1.81E-05,-4.99E-05,0.502254259,-0.739766374,-0.037858267,,,,,
0.003669725,8.69E-05,1.94E-05,-4.98E-05,0.509695628,-0.737640806,-0.03666793,,,,,
0.003674312,8.60E-05,2.07E-05,-4.97E-05,0.517123445,-0.735576744,-0.035484422,,,,,
0.003678899,8.52E-05,2.19E-05,-4.96E-05,0.524536966,-0.733578765,-0.034307628,,,,,
0.003683486,8.43E-05,2.32E-05,-4.95E-05,0.531935451,-0.73165127,-0.033137399,,,,,
0.003688073,8.35E-05,2.44E-05,-4.94E-05,0.539318162,-0.72979847,-0.03197356,,,,,
0.003692661,8.27E-05,2.56E-05,-4.94E-05,0.546684366,-0.728024376,-0.030815909,,,,,
0.003697248,8.19E-05,2.68E-05,-4.93E-05,0.554033335,-0.726332782,-0.029664213,,,,,
0.003701835,8.11E-05,2.80E-05,-4.92E-05,0.561364347,-0.724727256,-0.028518214,,,,,
0.003706422,8.03E-05,2.92E-05,-4.91E-05,0.568676683,-0.723211123,-0.027377628,,,,,
0.003711009,7.96E-05,3.03E-05,-4.91E-05,0.575969634,-0.721787461,-0.026242141,,,,,
0.003715596,7.88E-05,3.15E-05,-4.90E-05,0.583242495,-0.720459083,-0.025111418,,,,,
0.003720183,7.81E-05,3.26E-05,-4.90E-05,0.590494569,-0.719228532,-0.023985096,,,,,
0.003724771,7.74E-05,3.37E-05,-4.89E-05,0.597725165,-0.718098071,-0.022862789,,,,,
0.003729358,7.67E-05,3.48E-05,-4.89E-05,0.604933604,-0.717069674,-0.021744087,,,,,
0.003733945,7.60E-05,3.59E-05,-4.88E-05,0.612119211,-0.716145018,-0.020628557,,,,,
0.003738532,7.54E-05,3.70E-05,-4.88E-05,0.619281322,-0.715325477,-0.019515743,,,,,
0.003743119,7.47E-05,3.80E-05,-4.87E-05,0.626419283,-0.714612115,-0.018405169,,,,,
0.003747706,7.41E-05,3.91E-05,-4.87E-05,0.633532447,-0.714005682,-0.017296338,,,,,
0.003752294,7.35E-05,4.01E-05,-4.87E-05,0.640620178,-0.71350661,-0.016188731,,,,,
0.003756881,7.28E-05,4.11E-05,-4.86E-05,0.647681852,-0.713115006,-0.015081812,,,,,
0.003761468,7.22E-05,4.21E-05,-4.86E-05,0.654716855,-0.712830653,-0.013975026,,,,,
0.003766055,7.17E-05,4.31E-05,-4.86E-05,0.661724581,-0.712653009,-0.012867799,,,,,
0.003770642,7.11E-05,4.40E-05,-4.86E-05,0.66870444,-0.712581201,-0.011759543,,,,,
0.003775229,7.05E-05,4.49E-05,-4.85E-05,0.675655849,-0.71261403,-0.010649652,,,,,
0.003779817,7.00E-05,4.59E-05,-4.85E-05,0.682578242,-0.712749968,-0.009537505,,,,,
0.003784404,6.95E-05,4.68E-05,-4.85E-05,0.689471061,-0.712987163,-0.008422469,,,,,
0.003788991,6.89E-05,4.77E-05,-4.85E-05,0.696333761,-0.713323438,-0.007303895,,,,,
0.003793578,6.84E-05,4.86E-05,-4.85E-05,0.703165813,-0.713756297,-0.006181124,,,,,
0.003798165,6.79E-05,4.94E-05,-4.85E-05,0.709966696,-0.714282928,-0.005053484,,,,,
0.003802752,6.74E-05,5.03E-05,-4.85E-05,0.716735907,-0.71490021,-0.003920294,,,,,
0.003807339,6.70E-05,5.11E-05,-4.85E-05,0.723472953,-0.715604713,-0.002780863,,,,,
0.003811927,6.65E-05,5.19E-05,-4.85E-05,0.730177356,-0.716392713,-0.001634492,,,,,
0.003816514,6.60E-05,5.27E-05,-4.85E-05,0.736848651,-0.717260192,-0.000480473,,,,,
0.003821101,6.56E-05,5.35E-05,-4.85E-05,0.743486388,-0.718202851,0.000681906,,,,,
0.003825688,6.52E-05,5.43E-05,-4.85E-05,0.75009013,-0.719216115,0.001853365,,,,,
0.003830275,6.47E-05,5.50E-05,-4.85E-05,0.756659455,-0.720295149,0.003034626,,,,,
0.003834862,6.43E-05,5.57E-05,-4.85E-05,0.763193955,-0.721434859,0.004226417,,,,,
0.00383945,6.39E-05,5.65E-05,-4.85E-05,0.769693236,-0.72262991,0.005429467,,,,,
0.003844037,6.35E-05,5.72E-05,-4.85E-05,0.776156919,-0.723874738,0.006644507,,,,,
0.003848624,6.31E-05,5.78E-05,-4.85E-05,0.782584639,-0.725163557,0.007872268,,,,,
0.003853211,6.28E-05,5.85E-05,-4.86E-05,0.788976046,-0.726490375,0.009113482,,,,,
0.003857798,6.24E-05,5.92E-05,-4.86E-05,0.795330805,-0.727849009,0.010368877,,,,,
0.003862385,6.20E-05,5.98E-05,-4.86E-05,0.801648595,-0.729233095,0.011639181,,,,,
0.003866972,6.17E-05,6.04E-05,-4.86E-05,0.80792911,-0.730636107,0.012925117,,,,,
0.00387156,6.13E-05,6.10E-05,-4.86E-05,0.814172058,-0.732051366,0.014227403,,,,,
0.003876147,6.10E-05,6.16E-05,-4.87E-05,0.820377162,-0.733472061,0.015546754,,,,,
0.003880734,6.06E-05,6.22E-05,-4.87E-05,0.826544161,-0.734891261,0.016883876,,,,,
0.003885321,6.03E-05,6.27E-05,-4.87E-05,0.832672805,-0.736301933,0.018239469,,,,,
0.003889908,6.00E-05,6.33E-05,-4.87E-05,0.838762863,-0.737696954,0.019614223,,,,,
0.003894495,5.97E-05,6.38E-05,-4.87E-05,0.844814115,-0.739069135,0.02100882,,,,,
0.003899083,5.94E-05,6.43E-05,-4.88E-05,0.850826357,-0.74041123,0.022423933,,,,,
0.00390367,5.91E-05,6.48E-05,-4.88E-05,0.856799397,-0.741715957,0.02386022,,,,,
0.003908257,5.88E-05,6.53E-05,-4.88E-05,0.862733059,-0.742976014,0.025318329,,,,,
0.003912844,5.85E-05,6.58E-05,-4.88E-05,0.868627181,-0.744184096,0.026798896,,,,,
0.003917431,5.82E-05,6.62E-05,-4.88E-05,0.874481613,-0.745332912,0.02830254,,,,,
0.003922018,5.79E-05,6.66E-05,-4.89E-05,0.88029622,-0.746415201,0.029829869,,,,,
0.003926606,5.76E-05,6.71E-05,-4.89E-05,0.886070879,-0.747423751,0.031381471,,,,,
0.003931193,5.73E-05,6.75E-05,-4.89E-05,0.891805483,-0.748351413,0.032957919,,,,,
0.00393578,5.71E-05,6.78E-05,-4.89E-05,0.897499934,-0.749191122,0.03455977,,,,,
0.003940367,5.68E-05,6.82E-05,-4.89E-05,0.903154149,-0.749935909,0.036187561,,,,,
0.003944954,5.65E-05,6.86E-05,-4.90E-05,0.908768058,-0.750578919,0.037841811,,,,,
0.003949541,5.63E-05,6.89E-05,-4.90E-05,0.914341602,-0.751113427,0.039523017,,,,,
0.003954128,5.60E-05,6.92E-05,-4.90E-05,0.919874733,-0.751532856,0.041231657,,,,,
0.003958716,5.58E-05,6.95E-05,-4.90E-05,0.925367418,-0.751830788,0.042968187,,,,,
0.003963303,5.55E-05,6.98E-05,-4.90E-05,0.930819632,-0.752000982,0.044733041,,,,,
0.00396789,5.53E-05,7.01E-05,-4.90E-05,0.936231363,-0.752037388,0.046526631,,,,,
0.003972477,5.50E-05,7.04E-05,-4.90E-05,0.941602609,-0.75193416,0.048349344,,,,,
0.003977064,5.48E-05,7.06E-05,-4.90E-05,0.946933378,-0.751685671,0.050201542,,,,,
0.003981651,5.45E-05,7.08E-05,-4.90E-05,0.952223691,-0.751286525,0.052083565,,,,,
0.003986239,5.43E-05,7.10E-05,-4.90E-05,0.957473576,-0.750731569,0.053995725,,,,,
0.003990826,5.41E-05,7.12E-05,-4.90E-05,0.96268307,-0.750015907,0.055938309,,,,,
0.003995413,5.38E-05,7.14E-05,-4.90E-05,0.967852222,-0.749134911,0.057911578,,,,,
0.004,5.36E-05,7.16E-05,-4.90E-05,0.972981088,-0.748084226,0.059915763,,,,,
0.004004587,5.33E-05,7.18E-05,-4.90E-05,0.978069732,-0.746859789,0.061951072,,,,,
0.004009174,5.31E-05,7.19E-05,-4.90E-05,0.983118227,-0.745457832,0.06401768,,,,,
0.004013761,5.29E-05,7.20E-05,-4.90E-05,0.988126654,-0.74387489,0.066115736,,,,,
0.004018349,5.26E-05,7.21E-05,-4.90E-05,0.9930951,-0.742107813,0.06824536,,,,,
0.004022936,5.24E-05,7.22E-05,-4.90E-05,0.998023661,-0.74015377,0.070406642,,,,,
0.004027523,5.21E-05,7.23E-05,-4.89E-05,1.002912436,-0.738010253,0.072599642,,,,,
0.00403211,5.19E-05,7.24E-05,-4.89E-05,1.007761534,-0.73567509,0.07482439,,,,,
0.004036697,5.17E-05,7.24E-05,-4.89E-05,1.012571068,-0.733146438,0.077080886,,,,,
0.004041284,5.14E-05,7.25E-05,-4.89E-05,1.017341156,-0.730422798,0.079369099,,,,,
0.004045872,5.12E-05,7.25E-05,-4.88E-05,1.022071922,-0.72750301,0.081688967,,,,,
0.004050459,5.09E-05,7.25E-05,-4.88E-05,1.026763493,-0.724386258,0.084040397,,,,,
0.004055046,5.07E-05,7.25E-05,-4.87E-05,1.031416001,-0.721072072,0.086423264,,,,,
0.004059633,5.04E-05,7.25E-05,-4.87E-05,1.036029582,-0.717560323,0.088837412,,,,,
0.00406422,5.02E-05,7.24E-05,-4.86E-05,1.040604375,-0.713851231,0.091282653,,,,,
0.004068807,4.99E-05,7.24E-05,-4.86E-05,1.045140521,-0.709945355,0.093758767,,,,,
0.004073395,4.97E-05,7.23E-05,-4.85E-05,1.049638165,-0.705843597,0.096265504,,,,,
0.004077982,4.94E-05,7.23E-05,-4.84E-05,1.054097453,-0.701547192,0.09880258,,,,,
0.004082569,4.92E-05,7.22E-05,-4.84E-05,1.058518534,-0.697057711,0.10136968,,,,,
0.004087156,4.89E-05,7.21E-05,-4.83E-05,1.062901555,-0.692377052,0.103966457,,,,,
0.004091743,4.86E-05,7.20E-05,-4.82E-05,1.067246667,-0.687507435,0.106592532,,,,,
0.00409633,4.84E-05,7.18E-05,-4.81E-05,1.071554021,-0.682451396,0.109247496,,,,,
0.004100917,4.81E-05,7.17E-05,-4.80E-05,1.075823766,-0.677211778,0.111930905,,,,,
0.004105505,4.78E-05,7.15E-05,-4.79E-05,1.080056053,-0.671791725,0.114642288,,,,,
0.004110092,4.75E-05,7.14E-05,-4.78E-05,1.084251031,-0.666194673,0.117381139,,,,,
0.004114679,4.72E-05,7.12E-05,-4.77E-05,1.088408847,-0.660424336,0.120146923,,,,,
0.004119266,4.70E-05,7.10E-05,-4.76E-05,1.092529647,-0.654484705,0.122939075,,,,,
0.004123853,4.67E-05,7.08E-05,-4.75E-05,1.096613577,-0.648380025,0.125756996,,,,,
0.00412844,4.64E-05,7.05E-05,-4.73E-05,1.100660778,-0.642114793,0.128600061,,,,,
0.004133028,4.61E-05,7.03E-05,-4.72E-05,1.10467139,-0.635693742,0.131467613,,,,,
0.004137615,4.58E-05,7.01E-05,-4.71E-05,1.108645548,-0.629121827,0.134358966,,,,,
0.004142202,4.55E-05,6.98E-05,-4.69E-05,1.112583386,-0.622404214,0.137273404,,,,,
0.004146789,4.52E-05,6.95E-05,-4.68E-05,1.116485032,-0.615546265,0.140210185,,,,,
0.004151376,4.48E-05,6.92E-05,-4.66E-05,1.120350612,-0.608553522,0.143168535,,,,,
0.004155963,4.45E-05,6.89E-05,-4.64E-05,1.124180245,-0.601431694,0.146147656,,,,,
0.00416055,4.42E-05,6.86E-05,-4.63E-05,1.127974047,-0.594186643,0.149146721,,,,,
0.004165138,4.39E-05,6.83E-05,-4.61E-05,1.13173213,-0.586824363,0.152164875,,,,,
0.004169725,4.35E-05,6.80E-05,-4.59E-05,1.135454598,-0.57935097,0.155201241,,,,,
0.004174312,4.32E-05,6.76E-05,-4.57E-05,1.13914155,-0.571772682,0.158254911,,,,,
0.004178899,4.29E-05,6.73E-05,-4.55E-05,1.14279308,-0.564095804,0.161324958,,,,,
0.004183486,4.25E-05,6.69E-05,-4.53E-05,1.146409275,-0.556326708,0.164410426,,,,,
0.004188073,4.22E-05,6.65E-05,-4.51E-05,1.149990216,-0.548471822,0.167510337,,,,,
0.004192661,4.18E-05,6.61E-05,-4.49E-05,1.153535977,-0.540537606,0.170623691,,,,,
0.004197248,4.14E-05,6.57E-05,-4.47E-05,1.157046624,-0.532530542,0.173749465,,,,,
0.004201835,4.11E-05,6.53E-05,-4.44E-05,1.160522217,-0.524457108,0.176886614,,,,,
0.004206422,4.07E-05,6.49E-05,-4.42E-05,1.163962808,-0.51632377,0.180034073,,,,,
0.004211009,4.03E-05,6.44E-05,-4.40E-05,1.167368442,-0.508136958,0.183190758,,,,,
0.004215596,3.99E-05,6.40E-05,-4.37E-05,1.170739155,-0.499903051,0.186355563,,,,,
0.004220183,3.95E-05,6.35E-05,-4.34E-05,1.174074976,-0.491628362,0.189527367,,,,,
0.004224771,3.91E-05,6.31E-05,-4.32E-05,1.177375924,-0.483319118,0.192705028,,,,,
0.004229358,3.87E-05,6.26E-05,-4.29E-05,1.180642012,-0.474981446,0.19588739,,,,,
0.004233945,3.83E-05,6.21E-05,-4.26E-05,1.183873242,-0.466621355,0.199073281,,,,,
0.004238532,3.79E-05,6.16E-05,-4.23E-05,1.18706961,-0.458244721,0.202261512,,,,,
0.004243119,3.75E-05,6.11E-05,-4.20E-05,1.190231102,-0.449857269,0.205450883,,,,,
0.004247706,3.71E-05,6.05E-05,-4.17E-05,1.193357693,-0.441464563,0.208640178,,,,,
0.004252294,3.67E-05,6.00E-05,-4.14E-05,1.196449352,-0.433071985,0.21182817,,,,,
0.004256881,3.62E-05,5.94E-05,-4.11E-05,1.199506038,-0.424684726,0.215013621,,,,,
0.004261468,3.58E-05,5.89E-05,-4.08E-05,1.202527701,-0.416307768,0.218195282,,,,,
0.004266055,3.54E-05,5.83E-05,-4.04E-05,1.205514282,-0.407945873,0.221371896,,,,,
0.004270642,3.49E-05,5.77E-05,-4.01E-05,1.208465711,-0.399603569,0.224542196,,,,,
0.004275229,3.45E-05,5.71E-05,-3.97E-05,1.21138191,-0.39128514,0.227704909,,,,,
0.004279817,3.40E-05,5.65E-05,-3.94E-05,1.214262793,-0.382994611,0.230858753,,,,,
0.004284404,3.36E-05,5.59E-05,-3.90E-05,1.217108264,-0.374735742,0.234002444,,,,,
0.004288991,3.31E-05,5.53E-05,-3.86E-05,1.219918217,-0.366512013,0.237134692,,,,,
0.004293578,3.26E-05,5.47E-05,-3.82E-05,1.222692537,-0.358326618,0.240254202,,,,,
0.004298165,3.22E-05,5.41E-05,-3.79E-05,1.2254311,-0.350182457,0.24335968,,,,,
0.004302752,3.17E-05,5.34E-05,-3.75E-05,1.228133774,-0.342082122,0.246449827,,,,,
0.004307339,3.12E-05,5.28E-05,-3.71E-05,1.230800416,-0.3340279,0.249523346,,,,,
0.004311927,3.07E-05,5.21E-05,-3.66E-05,1.233430877,-0.326021758,0.252578941,,,,,
0.004316514,3.02E-05,5.14E-05,-3.62E-05,1.236024996,-0.318065343,0.255615315,,,,,
0.004321101,2.97E-05,5.07E-05,-3.58E-05,1.238582606,-0.310159974,0.258631176,,,,,
0.004325688,2.92E-05,5.00E-05,-3.53E-05,1.241103529,-0.302306641,0.261625234,,,,,
0.004330275,2.87E-05,4.93E-05,-3.49E-05,1.243587581,-0.294506002,0.264596207,,,,,
0.004334862,2.82E-05,4.86E-05,-3.45E-05,1.246034569,-0.28675838,0.267542815,,,,,
0.00433945,2.77E-05,4.79E-05,-3.40E-05,1.248444291,-0.279063763,0.270463786,,,,,
0.004344037,2.72E-05,4.72E-05,-3.35E-05,1.250816539,-0.271421804,0.273357856,,,,,
0.004348624,2.67E-05,4.65E-05,-3.30E-05,1.253151094,-0.263831821,0.276223771,,,,,
0.004353211,2.62E-05,4.57E-05,-3.26E-05,1.255447734,-0.2562928,0.279060283,,,,,
0.004357798,2.56E-05,4.50E-05,-3.21E-05,1.257706227,-0.248803397,0.28186616,,,,,
0.004362385,2.51E-05,4.42E-05,-3.16E-05,1.259926333,-0.241361943,0.284640177,,,,,
0.004366972,2.46E-05,4.34E-05,-3.11E-05,1.262107809,-0.233966447,0.287381124,,,,,
0.00437156,2.40E-05,4.27E-05,-3.06E-05,1.264250402,-0.2266146,0.290087805,,,,,
0.004376147,2.35E-05,4.19E-05,-3.00E-05,1.266353855,-0.219303786,0.292759037,,,,,
0.004380734,2.30E-05,4.11E-05,-2.95E-05,1.268417903,-0.212031084,0.295393653,,,,,
0.004385321,2.24E-05,4.03E-05,-2.90E-05,1.270442277,-0.204793282,0.297990504,,,,,
0.004389908,2.19E-05,3.95E-05,-2.84E-05,1.272426703,-0.197586878,0.300548456,,,,,
0.004394495,2.13E-05,3.87E-05,-2.79E-05,1.274370899,-0.190408097,0.303066395,,,,,
0.004399083,2.08E-05,3.78E-05,-2.73E-05,1.276274583,-0.183252898,0.305543225,,,,,
0.00440367,2.03E-05,3.70E-05,-2.67E-05,1.278137465,-0.176116985,0.307977872,,,,,
0.004408257,1.97E-05,3.62E-05,-2.62E-05,1.279959251,-0.168995819,0.31036928,,,,,
0.004412844,1.92E-05,3.53E-05,-2.56E-05,1.281739645,-0.161884633,0.312716417,,,,,
0.004417431,1.86E-05,3.45E-05,-2.50E-05,1.283478348,-0.154778444,0.315018272,,,,,
0.004422018,1.81E-05,3.36E-05,-2.44E-05,1.285175055,-0.147672066,0.317273858,,,,,
0.004426606,1.75E-05,3.28E-05,-2.38E-05,1.286829462,-0.140560124,0.319482212,,,,,
0.004431193,1.70E-05,3.19E-05,-2.32E-05,1.28844126,-0.133437075,0.321642395,,,,,
0.00443578,1.64E-05,3.10E-05,-2.26E-05,1.290010139,-0.126297216,0.323753496,,,,,
0.004440367,1.58E-05,3.01E-05,-2.20E-05,1.291535789,-0.119134705,0.325814627,,,,,
0.004444954,1.53E-05,2.92E-05,-2.13E-05,1.293017896,-0.111943577,0.32782493,,,,,
0.004449541,1.47E-05,2.84E-05,-2.07E-05,1.294456149,-0.104717761,0.329783572,,,,,
0.004454128,1.42E-05,2.75E-05,-2.01E-05,1.295850232,-0.097451097,0.33168975,,,,,
0.004458716,1.36E-05,2.65E-05,-1.94E-05,1.297199834,-0.090137356,0.333542688,,,,,
0.004463303,1.31E-05,2.56E-05,-1.88E-05,1.298504642,-0.082770256,0.335341643,,,,,
0.00446789,1.25E-05,2.47E-05,-1.81E-05,1.299764343,-0.075343482,0.337085898,,,,,
0.004472477,1.20E-05,2.38E-05,-1.74E-05,1.300978628,-0.067850703,0.33877477,,,,,
0.004477064,1.15E-05,2.28E-05,-1.68E-05,1.302147187,-0.060285596,0.340407604,,,,,
0.004481651,1.09E-05,2.19E-05,-1.61E-05,1.303269715,-0.052641856,0.341983778,,,,,
0.004486239,1.04E-05,2.10E-05,-1.54E-05,1.304345908,-0.044913226,0.343502704,,,,,
0.004490826,9.84E-06,2.00E-05,-1.47E-05,1.305375464,-0.037093508,0.344963823,,,,,
0.004495413,9.30E-06,1.91E-05,-1.40E-05,1.306358087,-0.029176585,0.346366611,,,,,
0.0045,8.77E-06,1.81E-05,-1.33E-05,1.307293483,-0.021156442,0.347710577,,,,,
0.004504587,8.24E-06,1.71E-05,-1.26E-05,1.308181363,-0.013027181,0.348995263,,,,,
0.004509174,7.72E-06,1.62E-05,-1.19E-05,1.309021443,-0.004783045,0.350220247,,,,,
0.004513761,7.20E-06,1.52E-05,-1.12E-05,1.309813443,0.003581568,0.351385139,,,,,
0.004518349,6.68E-06,1.42E-05,-1.05E-05,1.31055709,0.012072085,0.352489583,,,,,
0.004522936,6.17E-06,1.32E-05,-9.77E-06,1.311252115,0.020693737,0.353533261,,,,,
0.004527523,5.66E-06,1.22E-05,-9.04E-06,1.311898258,0.029451545,0.354515887,,,,,
0.00453211,5.16E-06,1.12E-05,-8.31E-06,1.312495264,0.038350301,0.355437212,,,,,
0.004536697,4.66E-06,1.02E-05,-7.57E-06,1.313042886,0.047394551,0.356297021,,,,,
0.004541284,4.16E-06,9.23E-06,-6.83E-06,1.313540883,0.056588579,0.357095135,,,,,
0.004545872,3.67E-06,8.23E-06,-6.09E-06,1.313989025,0.065936389,0.357831411,,,,,
0.004550459,3.19E-06,7.21E-06,-5.34E-06,1.314387086,0.075441692,0.358505741,,,,,
0.004555046,2.72E-06,6.19E-06,-4.59E-06,1.314734854,0.08510789,0.359118052,,,,,
0.004559633,2.25E-06,5.17E-06,-3.83E-06,1.315032121,0.09493806,0.359668309,,,,,
0.00456422,1.78E-06,4.15E-06,-3.07E-06,1.315278692,0.104934944,0.360156509,,,,,
0.004568807,1.33E-06,3.12E-06,-2.31E-06,1.315474381,0.115100934,0.360582688,,,,,
0.004573395,8.77E-07,2.08E-06,-1.54E-06,1.315619011,0.125438059,0.360946916,,,,,
0.004577982,4.35E-07,1.04E-06,-7.72E-07,1.315712416,0.135947975,0.361249298,,,,,
,,,,,,,,,,,
,,,,,,,,,,,
,,,,,,,,,,,
,,,,,,,,,,,
,,,,,,,,,,,
,,,,,,,,,,,
,,,,,,,,,,,
,,,,,,,,,,,
,,,,,,,,,,,
,,,,,,,,,,,
,,,,,,,,,,,
,,,,,,,,,,,
,,,,,,,,,,,
,,,,,,,,,,,
,,,,,,,,,,,
,,,,,,,,,,,
,,,,,,,,,,,
,,,,,,,,,,,
,,,,,,,,,,,
,,,,,,,,,,,
,,,,,,,,,,,
,,,,,,,,,,,
,,,,,,,,,,,
,,,,,,,,,,,
,,,,,,,,,,,
,,,,,,,,,,,
,,,,,,,,,,,
,,,,,,,,,,,
,,,,,,,,,,,
,,,,,,,,,,,
,,,,,,,,,,,
,,,,,,,,,,,
,,,,,,,,,,,
,,,,,,,,,,,
,,,,,,,,,,,
,,,,,,,,,,,
,,,,,,,,,,,
,,,,,,,,,,,
,,,,,,,,,,,
,,,,,,,,,,,
,,,,,,,,,,,
,,,,,,,,,,,
,,,,,,,,,,,
,,,,,,,,,,,
,,,,,,,,,,,
,,,,,,,,,,,
,,,,,,,,,,,
,,,,,,,,,,,
,,,,,,,,,,,
,,,,,,,,,,,
,,,,,,,,,,,
,,,,,,,,,,,
,,,,,,,,,,,
,,,,,,,,,,,
,,,,,,,,,,,
,,,,,,,,,,,
,,,,,,,,,,,
,,,,,,,,,,,
,,,,,,,,,,,
,,,,,,,,,,,
,,,,,,,,,,,
,,,,,,,,,,,
,,,,,,,,,,,
,,,,,,,,,,,
,,,,,,,,,,,
,,,,,,,,,,,
,,,,,,,,,,,
,,,,,,,,,,,
,,,,,,,,,,,
,,,,,,,,,,,
,,,,,,,,,,,
,,,,,,,,,,,
,,,,,,,,,,,
,,,,,,,,,,,
,,,,,,,,,,,
,,,,,,,,,,,
,,,,,,,,,,,
,,,,,,,,,,,
,,,,,,,,,,,
,,,,,,,,,,,
,,,,,,,,,,,
,,,,,,,,,,,
,,,,,,,,,,,
,,,,,,,,,,,
,,,,,,,,,,,
,,,,,,,,,,,
,,,,,,,,,,,
,,,,,,,,,,,
,,,,,,,,,,,
,,,,,,,,,,,
,,,,,,,,,,,
,,,,,,,,,,,
,,,,,,,,,,,
,,,,,,,,,,,
,,,,,,,,,,,
,,,,,,,,,,,
,,,,,,,,,,,
,,,,,,,,,,,
,,,,,,,,,,,
,,,,,,,,,,,
,,,,,,,,,,,
,,,,,,,,,,,
,,,,,,,,,,,
,,,,,,,,,,,
,,,,,,,,,,,
,,,,,,,,,,,
,,,,,,,,,,,
,,,,,,,,,,,
,,,,,,,,,,,
,,,,,,,,,,,
,,,,,,,,,,,
,,,,,,,,,,,
,,,,,,,,,,,
,,,,,,,,,,,
,,,,,,,,,,,
,,,,,,,,,,,
,,,,,,,,,,,
,,,,,,,,,,,
,,,,,,,,,,,
,,,,,,,,,,,
,,,,,,,,,,,
,,,,,,,,,,,
,,,,,,,,,,,
,,,,,,,,,,,
,,,,,,,,,,,
,,,,,,,,,,,
,,,,,,,,,,,
,,,,,,,,,,,
,,,,,,,,,,,
,,,,,,,,,,,
,,,,,,,,,,,
,,,,,,,,,,,
,,,,,,,,,,,
,,,,,,,,,,,
,,,,,,,,,,,
,,,,,,,,,,,
,,,,,,,,,,,
,,,,,,,,,,,
,,,,,,,,,,,
,,,,,,,,,,,
,,,,,,,,,,,
,,,,,,,,,,,
,,,,,,,,,,,
,,,,,,,,,,,
,,,,,,,,,,,
,,,,,,,,,,,
,,,,,,,,,,,
,,,,,,,,,,,
,,,,,,,,,,,
,,,,,,,,,,,
,,,,,,,,,,,
,,,,,,,,,,,
,,,,,,,,,,,
,,,,,,,,,,,
,,,,,,,,,,,
,,,,,,,,,,,
,,,,,,,,,,,
,,,,,,,,,,,
,,,,,,,,,,,
,,,,,,,,,,,
,,,,,,,,,,,
,,,,,,,,,,,
,,,,,,,,,,,
,,,,,,,,,,,
,,,,,,,,,,,
,,,,,,,,,,,
,,,,,,,,,,,
,,,,,,,,,,,
,,,,,,,,,,,
,,,,,,,,,,,
,,,,,,,,,,,
,,,,,,,,,,,
,,,,,,,,,,,
,,,,,,,,,,,
,,,,,,,,,,,
,,,,,,,,,,,
,,,,,,,,,,,
,,,,,,,,,,,
,,,,,,,,,,,
,,,,,,,,,,,
,,,,,,,,,,,
,,,,,,,,,,,
,,,,,,,,,,,
,,,,,,,,,,,
,,,,,,,,,,,
,,,,,,,,,,,
,,,,,,,,,,,
,,,,,,,,,,,
,,,,,,,,,,,
,,,,,,,,,,,
,,,,,,,,,,,
,,,,,,,,,,,
,,,,,,,,,,,
,,,,,,,,,,,
,,,,,,,,,,,
,,,,,,,,,,,
,,,,,,,,,,,
,,,,,,,,,,,
,,,,,,,,,,,
,,,,,,,,,,,
,,,,,,,,,,,
,,,,,,,,,,,
,,,,,,,,,,,
,,,,,,,,,,,
,,,,,,,,,,,
,,,,,,,,,,,
,,,,,,,,,,,
,,,,,,,,,,,
,,,,,,,,,,,
,,,,,,,,,,,
,,,,,,,,,,,
,,,,,,,,,,,
,,,,,,,,,,,
,,,,,,,,,,,
,,,,,,,,,,,
,,,,,,,,,,,
,,,,,,,,,,,
,,,,,,,,,,,
,,,,,,,,,,,
,,,,,,,,,,,
,,,,,,,,,,,
,,,,,,,,,,,
,,,,,,,,,,,
,,,,,,,,,,,
,,,,,,,,,,,
,,,,,,,,,,,
,,,,,,,,,,,
,,,,,,,,,,,
,,,,,,,,,,,
,,,,,,,,,,,
,,,,,,,,,,,
,,,,,,,,,,,
,,,,,,,,,,,
,,,,,,,,,,,
,,,,,,,,,,,
,,,,,,,,,,,
,,,,,,,,,,,
,,,,,,,,,,,
,,,,,,,,,,,
,,,,,,,,,,,
,,,,,,,,,,,
,,,,,,,,,,,
,,,,,,,,,,,
,,,,,,,,,,,
,,,,,,,,,,,
,,,,,,,,,,,
,,,,,,,,,,,
,,,,,,,,,,,
,,,,,,,,,,,
,,,,,,,,,,,
,,,,,,,,,,,
,,,,,,,,,,,
,,,,,,,,,,,
,,,,,,,,,,,
,,,,,,,,,,,
,,,,,,,,,,,
,,,,,,,,,,,
,,,,,,,,,,,
,,,,,,,,,,,
,,,,,,,,,,,
,,,,,,,,,,,
,,,,,,,,,,,
,,,,,,,,,,,
,,,,,,,,,,,
,,,,,,,,,,,
,,,,,,,,,,,
,,,,,,,,,,,
,,,,,,,,,,,
,,,,,,,,,,,
,,,,,,,,,,,
,,,,,,,,,,,
,,,,,,,,,,,
,,,,,,,,,,,
,,,,,,,,,,,
,,,,,,,,,,,
,,,,,,,,,,,
,,,,,,,,,,,
,,,,,,,,,,,
,,,,,,,,,,,
,,,,,,,,,,,
,,,,,,,,,,,
,,,,,,,,,,,
,,,,,,,,,,,
,,,,,,,,,,,
,,,,,,,,,,,
,,,,,,,,,,,
,,,,,,,,,,,
,,,,,,,,,,,
,,,,,,,,,,,
,,,,,,,,,,,
,,,,,,,,,,,
,,,,,,,,,,,
,,,,,,,,,,,
,,,,,,,,,,,
,,,,,,,,,,,
,,,,,,,,,,,
,,,,,,,,,,,
,,,,,,,,,,,
,,,,,,,,,,,
,,,,,,,,,,,
,,,,,,,,,,,
,,,,,,,,,,,
,,,,,,,,,,,
,,,,,,,,,,,
,,,,,,,,,,,
,,,,,,,,,,,
,,,,,,,,,,,
,,,,,,,,,,,
,,,,,,,,,,,
,,,,,,,,,,,
,,,,,,,,,,,
,,,,,,,,,,,
,,,,,,,,,,,
,,,,,,,,,,,
,,,,,,,,,,,
,,,,,,,,,,,
,,,,,,,,,,,
,,,,,,,,,,,
,,,,,,,,,,,
,,,,,,,,,,,
,,,,,,,,,,,
,,,,,,,,,,,
,,,,,,,,,,,
,,,,,,,,,,,
,,,,,,,,,,,
,,,,,,,,,,,
,,,,,,,,,,,
,,,,,,,,,,,
,,,,,,,,,,,
,,,,,,,,,,,
,,,,,,,,,,,
,,,,,,,,,,,
,,,,,,,,,,,
,,,,,,,,,,,
,,,,,,,,,,,
,,,,,,,,,,,
,,,,,,,,,,,
,,,,,,,,,,,
,,,,,,,,,,,
,,,,,,,,,,,
,,,,,,,,,,,
,,,,,,,,,,,
,,,,,,,,,,,
,,,,,,,,,,,
,,,,,,,,,,,
,,,,,,,,,,,
,,,,,,,,,,,
,,,,,,,,,,,
,,,,,,,,,,,
,,,,,,,,,,,
,,,,,,,,,,,
,,,,,,,,,,,
,,,,,,,,,,,
,,,,,,,,,,,
,,,,,,,,,,,
,,,,,,,,,,,
,,,,,,,,,,,
,,,,,,,,,,,
,,,,,,,,,,,
,,,,,,,,,,,
,,,,,,,,,,,
,,,,,,,,,,,
,,,,,,,,,,,
,,,,,,,,,,,
,,,,,,,,,,,
,,,,,,,,,,,
,,,,,,,,,,,
,,,,,,,,,,,
,,,,,,,,,,,
,,,,,,,,,,,
,,,,,,,,,,,
,,,,,,,,,,,
,,,,,,,,,,,
,,,,,,,,,,,
,,,,,,,,,,,
,,,,,,,,,,,
,,,,,,,,,,,
,,,,,,,,,,,
,,,,,,,,,,,
,,,,,,,,,,,
,,,,,,,,,,,
,,,,,,,,,,,
,,,,,,,,,,,
,,,,,,,,,,,
,,,,,,,,,,,
,,,,,,,,,,,
,,,,,,,,,,,
,,,,,,,,,,,
,,,,,,,,,,,
,,,,,,,,,,,
,,,,,,,,,,,
,,,,,,,,,,,
,,,,,,,,,,,
,,,,,,,,,,,
,,,,,,,,,,,
,,,,,,,,,,,
,,,,,,,,,,,
,,,,,,,,,,,
,,,,,,,,,,,
,,,,,,,,,,,
,,,,,,,,,,,
,,,,,,,,,,,
,,,,,,,,,,,
,,,,,,,,,,,
,,,,,,,,,,,
,,,,,,,,,,,
,,,,,,,,,,,
,,,,,,,,,,,
,,,,,,,,,,,
,,,,,,,,,,,
,,,,,,,,,,,
,,,,,,,,,,,
,,,,,,,,,,,
,,,,,,,,,,,
,,,,,,,,,,,
,,,,,,,,,,,
,,,,,,,,,,,
,,,,,,,,,,,
,,,,,,,,,,,
,,,,,,,,,,,
,,,,,,,,,,,
,,,,,,,,,,,
,,,,,,,,,,,
,,,,,,,,,,,
,,,,,,,,,,,
,,,,,,,,,,,
,,,,,,,,,,,
,,,,,,,,,,,
,,,,,,,,,,,
,,,,,,,,,,,
,,,,,,,,,,,
,,,,,,,,,,,
,,,,,,,,,,,
,,,,,,,,,,,
,,,,,,,,,,,
,,,,,,,,,,,
,,,,,,,,,,,
,,,,,,,,,,,
,,,,,,,,,,,
,,,,,,,,,,,
,,,,,,,,,,,
,,,,,,,,,,,
,,,,,,,,,,,
,,,,,,,,,,,
,,,,,,,,,,,
,,,,,,,,,,,
,,,,,,,,,,,
,,,,,,,,,,,
,,,,,,,,,,,
,,,,,,,,,,,
,,,,,,,,,,,
,,,,,,,,,,,
,,,,,,,,,,,
,,,,,,,,,,,
,,,,,,,,,,,
,,,,,,,,,,,
,,,,,,,,,,,
,,,,,,,,,,,
,,,,,,,,,,,
,,,,,,,,,,,
,,,,,,,,,,,
,,,,,,,,,,,
,,,,,,,,,,,
,,,,,,,,,,,
,,,,,,,,,,,
,,,,,,,,,,,
,,,,,,,,,,,
,,,,,,,,,,,
,,,,,,,,,,,
,,,,,,,,,,,
,,,,,,,,,,,
,,,,,,,,,,,
,,,,,,,,,,,
,,,,,,,,,,,
,,,,,,,,,,,
,,,,,,,,,,,
,,,,,,,,,,,
,,,,,,,,,,,
,,,,,,,,,,,
,,,,,,,,,,,
,,,,,,,,,,,
,,,,,,,,,,,
,,,,,,,,,,,
,,,,,,,,,,,
,,,,,,,,,,,
,,,,,,,,,,,
,,,,,,,,,,,
,,,,,,,,,,,
,,,,,,,,,,,
,,,,,,,,,,,
,,,,,,,,,,,
,,,,,,,,,,,
,,,,,,,,,,,
,,,,,,,,,,,
,,,,,,,,,,,
,,,,,,,,,,,
,,,,,,,,,,,
,,,,,,,,,,,
,,,,,,,,,,,
,,,,,,,,,,,
,,,,,,,,,,,
,,,,,,,,,,,
,,,,,,,,,,,
,,,,,,,,,,,
,,,,,,,,,,,
,,,,,,,,,,,
,,,,,,,,,,,
,,,,,,,,,,,
,,,,,,,,,,,
,,,,,,,,,,,
,,,,,,,,,,,
,,,,,,,,,,,
,,,,,,,,,,,
,,,,,,,,,,,
,,,,,,,,,,,
,,,,,,,,,,,
,,,,,,,,,,,
,,,,,,,,,,,
,,,,,,,,,,,
,,,,,,,,,,,
,,,,,,,,,,,
,,,,,,,,,,,
,,,,,,,,,,,
,,,,,,,,,,,
,,,,,,,,,,,
,,,,,,,,,,,
,,,,,,,,,,,
,,,,,,,,,,,
,,,,,,,,,,,
,,,,,,,,,,,
,,,,,,,,,,,
,,,,,,,,,,,
,,,,,,,,,,,
,,,,,,,,,,,
,,,,,,,,,,,
,,,,,,,,,,,
,,,,,,,,,,,
,,,,,,,,,,,
,,,,,,,,,,,
,,,,,,,,,,,
,,,,,,,,,,,
,,,,,,,,,,,
,,,,,,,,,,,
,,,,,,,,,,,
,,,,,,,,,,,
,,,,,,,,,,,
,,,,,,,,,,,
,,,,,,,,,,,
,,,,,,,,,,,
,,,,,,,,,,,
,,,,,,,,,,,
,,,,,,,,,,,
,,,,,,,,,,,
,,,,,,,,,,,
,,,,,,,,,,,
,,,,,,,,,,,
,,,,,,,,,,,
,,,,,,,,,,,
,,,,,,,,,,,
,,,,,,,,,,,
,,,,,,,,,,,
,,,,,,,,,,,
,,,,,,,,,,,
,,,,,,,,,,,
,,,,,,,,,,,
,,,,,,,,,,,
,,,,,,,,,,,
,,,,,,,,,,,
,,,,,,,,,,,
,,,,,,,,,,,
,,,,,,,,,,,
,,,,,,,,,,,
,,,,,,,,,,,
,,,,,,,,,,,
,,,,,,,,,,,
,,,,,,,,,,,
,,,,,,,,,,,
,,,,,,,,,,,
,,,,,,,,,,,
,,,,,,,,,,,
,,,,,,,,,,,
,,,,,,,,,,,
,,,,,,,,,,,
,,,,,,,,,,,
,,,,,,,,,,,
,,,,,,,,,,,
,,,,,,,,,,,
,,,,,,,,,,,
,,,,,,,,,,,
,,,,,,,,,,,
,,,,,,,,,,,
,,,,,,,,,,,
,,,,,,,,,,,
,,,,,,,,,,,
,,,,,,,,,,,
,,,,,,,,,,,
,,,,,,,,,,,
,,,,,,,,,,,
,,,,,,,,,,,
,,,,,,,,,,,
,,,,,,,,,,,
,,,,,,,,,,,
,,,,,,,,,,,
,,,,,,,,,,,
,,,,,,,,,,,
,,,,,,,,,,,
,,,,,,,,,,,
,,,,,,,,,,,
,,,,,,,,,,,
,,,,,,,,,,,
,,,,,,,,,,,
,,,,,,,,,,,
,,,,,,,,,,,
,,,,,,,,,,,
,,,,,,,,,,,
,,,,,,,,,,,
,,,,,,,,,,,
,,,,,,,,,,,
,,,,,,,,,,,
,,,,,,,,,,,
,,,,,,,,,,,
,,,,,,,,,,,
,,,,,,,,,,,
,,,,,,,,,,,
,,,,,,,,,,,
,,,,,,,,,,,
,,,,,,,,,,,
,,,,,,,,,,,
,,,,,,,,,,,
,,,,,,,,,,,
,,,,,,,,,,,
,,,,,,,,,,,
,,,,,,,,,,,
,,,,,,,,,,,
,,,,,,,,,,,
,,,,,,,,,,,
,,,,,,,,,,,
,,,,,,,,,,,
,,,,,,,,,,,
,,,,,,,,,,,
,,,,,,,,,,,
,,,,,,,,,,,
,,,,,,,,,,,
,,,,,,,,,,,
,,,,,,,,,,,
,,,,,,,,,,,
,,,,,,,,,,,
,,,,,,,,,,,
,,,,,,,,,,,
,,,,,,,,,,,
,,,,,,,,,,,
,,,,,,,,,,,
,,,,,,,,,,,
,,,,,,,,,,,
,,,,,,,,,,,
,,,,,,,,,,,
,,,,,,,,,,,
,,,,,,,,,,,
,,,,,,,,,,,
,,,,,,,,,,,
,,,,,,,,,,,
,,,,,,,,,,,
,,,,,,,,,,,
,,,,,,,,,,,
,,,,,,,,,,,
,,,,,,,,,,,
,,,,,,,,,,,
,,,,,,,,,,,
,,,,,,,,,,,
,,,,,,,,,,,
,,,,,,,,,,,
,,,,,,,,,,,
,,,,,,,,,,,
,,,,,,,,,,,
,,,,,,,,,,,
,,,,,,,,,,,
,,,,,,,,,,,
,,,,,,,,,,,
,,,,,,,,,,,
,,,,,,,,,,,
,,,,,,,,,,,
,,,,,,,,,,,
,,,,,,,,,,,
,,,,,,,,,,,
,,,,,,,,,,,
,,,,,,,,,,,
,,,,,,,,,,,
,,,,,,,,,,,
,,,,,,,,,,,
,,,,,,,,,,,
,,,,,,,,,,,
,,,,,,,,,,,
,,,,,,,,,,,
,,,,,,,,,,,
,,,,,,,,,,,
,,,,,,,,,,,
,,,,,,,,,,,
,,,,,,,,,,,
,,,,,,,,,,,
,,,,,,,,,,,
,,,,,,,,,,,
,,,,,,,,,,,
,,,,,,,,,,,
,,,,,,,,,,,
,,,,,,,,,,,
,,,,,,,,,,,
,,,,,,,,,,,
,,,,,,,,,,,
,,,,,,,,,,,
,,,,,,,,,,,
,,,,,,,,,,,
,,,,,,,,,,,
,,,,,,,,,,,
,,,,,,,,,,,
,,,,,,,,,,,
,,,,,,,,,,,
,,,,,,,,,,,
,,,,,,,,,,,
,,,,,,,,,,,
,,,,,,,,,,,
,,,,,,,,,,,
,,,,,,,,,,,
,,,,,,,,,,,
,,,,,,,,,,,
,,,,,,,,,,,
,,,,,,,,,,,
,,,,,,,,,,,
,,,,,,,,,,,
,,,,,,,,,,,
,,,,,,,,,,,
,,,,,,,,,,,
,,,,,,,,,,,
,,,,,,,,,,,
,,,,,,,,,,,
,,,,,,,,,,,
,,,,,,,,,,,
,,,,,,,,,,,
,,,,,,,,,,,
,,,,,,,,,,,
,,,,,,,,,,,
,,,,,,,,,,,
,,,,,,,,,,,
,,,,,,,,,,,
,,,,,,,,,,,
,,,,,,,,,,,
,,,,,,,,,,,
,,,,,,,,,,,
,,,,,,,,,,,
,,,,,,,,,,,
,,,,,,,,,,,
,,,,,,,,,,,
,,,,,,,,,,,
,,,,,,,,,,,
,,,,,,,,,,,
,,,,,,,,,,,
,,,,,,,,,,,
,,,,,,,,,,,
,,,,,,,,,,,
,,,,,,,,,,,
,,,,,,,,,,,
,,,,,,,,,,,
,,,,,,,,,,,
,,,,,,,,,,,
,,,,,,,,,,,
,,,,,,,,,,,
,,,,,,,,,,,
,,,,,,,,,,,
,,,,,,,,,,,
,,,,,,,,,,,
,,,,,,,,,,,
,,,,,,,,,,,
,,,,,,,,,,,
,,,,,,,,,,,
,,,,,,,,,,,
,,,,,,,,,,,
,,,,,,,,,,,
,,,,,,,,,,,
,,,,,,,,,,,
,,,,,,,,,,,
,,,,,,,,,,,
,,,,,,,,,,,
,,,,,,,,,,,
,,,,,,,,,,,
,,,,,,,,,,,
,,,,,,,,,,,
,,,,,,,,,,,
,,,,,,,,,,,
,,,,,,,,,,,
,,,,,,,,,,,
,,,,,,,,,,,
,,,,,,,,,,,
,,,,,,,,,,,
,,,,,,,,,,,
,,,,,,,,,,,
,,,,,,,,,,,
,,,,,,,,,,,
,,,,,,,,,,,
,,,,,,,,,,,
,,,,,,,,,,,
,,,,,,,,,,,
,,,,,,,,,,,
,,,,,,,,,,,
,,,,,,,,,,,
,,,,,,,,,,,
,,,,,,,,,,,
,,,,,,,,,,,
,,,,,,,,,,,
,,,,,,,,,,,
,,,,,,,,,,,
,,,,,,,,,,,
,,,,,,,,,,,
,,,,,,,,,,,
,,,,,,,,,,,
,,,,,,,,,,,
,,,,,,,,,,,
,,,,,,,,,,,
,,,,,,,,,,,
,,,,,,,,,,,
,,,,,,,,,,,
,,,,,,,,,,,
,,,,,,,,,,,
,,,,,,,,,,,
,,,,,,,,,,,
,,,,,,,,,,,
,,,,,,,,,,,
,,,,,,,,,,,
,,,,,,,,,,,
,,,,,,,,,,,
,,,,,,,,,,,
,,,,,,,,,,,
,,,,,,,,,,,
,,,,,,,,,,,
,,,,,,,,,,,
,,,,,,,,,,,
,,,,,,,,,,,
,,,,,,,,,,,
,,,,,,,,,,,
,,,,,,,,,,,
,,,,,,,,,,,
,,,,,,,,,,,
,,,,,,,,,,,
,,,,,,,,,,,
,,,,,,,,,,,
,,,,,,,,,,,
,,,,,,,,,,,
,,,,,,,,,,,
,,,,,,,,,,,
,,,,,,,,,,,
,,,,,,,,,,,
,,,,,,,,,,,
,,,,,,,,,,,
,,,,,,,,,,,
,,,,,,,,,,,
,,,,,,,,,,,
,,,,,,,,,,,
,,,,,,,,,,,
,,,,,,,,,,,
,,,,,,,,,,,
,,,,,,,,,,,
,,,,,,,,,,,
,,,,,,,,,,,
,,,,,,,,,,,
,,,,,,,,,,,
,,,,,,,,,,,
,,,,,,,,,,,
,,,,,,,,,,,
,,,,,,,,,,,
,,,,,,,,,,,
,,,,,,,,,,,
,,,,,,,,,,,
,,,,,,,,,,,
,,,,,,,,,,,
,,,,,,,,,,,
,,,,,,,,,,,
,,,,,,,,,,,
,,,,,,,,,,,
,,,,,,,,,,,
,,,,,,,,,,,
,,,,,,,,,,,
,,,,,,,,,,,
,,,,,,,,,,,
,,,,,,,,,,,
,,,,,,,,,,,
,,,,,,,,,,,
,,,,,,,,,,,
,,,,,,,,,,,
,,,,,,,,,,,
,,,,,,,,,,,
,,,,,,,,,,,
,,,,,,,,,,,
,,,,,,,,,,,
,,,,,,,,,,,
,,,,,,,,,,,
,,,,,,,,,,,
,,,,,,,,,,,
,,,,,,,,,,,
,,,,,,,,,,,
,,,,,,,,,,,
,,,,,,,,,,,
,,,,,,,,,,,
,,,,,,,,,,,
,,,,,,,,,,,
,,,,,,,,,,,
,,,,,,,,,,,
,,,,,,,,,,,
,,,,,,,,,,,
,,,,,,,,,,,
,,,,,,,,,,,
,,,,,,,,,,,
,,,,,,,,,,,
,,,,,,,,,,,
,,,,,,,,,,,
,,,,,,,,,,,
,,,,,,,,,,,
,,,,,,,,,,,
,,,,,,,,,,,
,,,,,,,,,,,
,,,,,,,,,,,
,,,,,,,,,,,
,,,,,,,,,,,
,,,,,,,,,,,
,,,,,,,,,,,
,,,,,,,,,,,
,,,,,,,,,,,
,,,,,,,,,,,
,,,,,,,,,,,
,,,,,,,,,,,
,,,,,,,,,,,
,,,,,,,,,,,
,,,,,,,,,,,
,,,,,,,,,,,
,,,,,,,,,,,
,,,,,,,,,,,
,,,,,,,,,,,
,,,,,,,,,,,
,,,,,,,,,,,
,,,,,,,,,,,
,,,,,,,,,,,
,,,,,,,,,,,
,,,,,,,,,,,
,,,,,,,,,,,
,,,,,,,,,,,
,,,,,,,,,,,
,,,,,,,,,,,
,,,,,,,,,,,
,,,,,,,,,,,
,,,,,,,,,,,
,,,,,,,,,,,
,,,,,,,,,,,
,,,,,,,,,,,
,,,,,,,,,,,
,,,,,,,,,,,
,,,,,,,,,,,
,,,,,,,,,,,
,,,,,,,,,,,
,,,,,,,,,,,
,,,,,,,,,,,
,,,,,,,,,,,
,,,,,,,,,,,
,,,,,,,,,,,
,,,,,,,,,,,
,,,,,,,,,,,
,,,,,,,,,,,
,,,,,,,,,,,
,,,,,,,,,,,
,,,,,,,,,,,
,,,,,,,,,,,
,,,,,,,,,,,
,,,,,,,,,,,
,,,,,,,,,,,
,,,,,,,,,,,
,,,,,,,,,,,
,,,,,,,,,,,
,,,,,,,,,,,
,,,,,,,,,,,
,,,,,,,,,,,
,,,,,,,,,,,
,,,,,,,,,,,
,,,,,,,,,,,
,,,,,,,,,,,
,,,,,,,,,,,
,,,,,,,,,,,
,,,,,,,,,,,
,,,,,,,,,,,
,,,,,,,,,,,
,,,,,,,,,,,
,,,,,,,,,,,
,,,,,,,,,,,
,,,,,,,,,,,
,,,,,,,,,,,
,,,,,,,,,,,
,,,,,,,,,,,
,,,,,,,,,,,
,,,,,,,,,,,
,,,,,,,,,,,
,,,,,,,,,,,
,,,,,,,,,,,
,,,,,,,,,,,
,,,,,,,,,,,
,,,,,,,,,,,
,,,,,,,,,,,
