Wing Loading (W/S),Thrust-to-Weight Ratio (T/W) Climb,Thrust-to-Weight Ratio (T/W) Cruise,Thrust-to-Weight Ratio (T/W) Take Off,W_S Stall,W_S Landing,W_S Desired
10,1.28720884602998,1.74203108069097,0.020652284484024,122.658285230021,124.858513717909,200
11,1.19382666564582,1.58558429373023,0.0227175129324264,122.658285230021,124.858513717909,200
12,1.11603778449764,1.45537956193059,0.0247827413808288,122.658285230021,124.858513717909,200
13,1.05024374891559,1.34536102640872,0.0268479698292312,122.658285230021,124.858513717909,200
14,0.99387423484978,1.25120307367653,0.0289131982776336,122.658285230021,124.858513717909,200
15,0.945044337996971,1.16973358717607,0.030978426726036,122.658285230021,124.858513717909,200
16,0.902340380129721,1.0985734794889,0.0330436551744384,122.658285230021,124.858513717909,200
17,0.864681313191757,1.0359034484715,0.0351088836228408,122.658285230021,124.858513717909,200
18,0.831226322028196,0.980308481345568,0.0371741120712432,122.658285230021,124.858513717909,200
19,0.801311605200975,0.930671462759825,0.0392393405196456,122.658285230021,124.858513717909,200
20,0.774406121559644,0.886098700433243,0.041304568968048,122.658285230021,124.858513717909,200
21,0.750079980649074,0.845866729185939,0.0433697974164504,122.658285230021,124.858513717909,200
22,0.727981453915072,0.80938362296165,0.0454350258648528,122.658285230021,124.858513717909,200
23,0.70781998298678,0.776160399366068,0.0475002543132552,122.658285230021,124.858513717909,200
24,0.689353435888486,0.745789573070606,0.0495654827616576,122.658285230021,124.858513717909,200
25,0.672378421760588,0.717928856399248,0.05163071121006,122.658285230021,124.858513717909,200
26,0.656722840644965,0.692288621318446,0.0536959396584624,122.658285230021,124.858513717909,200
27,0.642240088873586,0.668622147651469,0.0557611681068648,122.658285230021,124.858513717909,200
28,0.628804506159568,0.646717960961123,0.0578263965552672,122.658285230021,124.858513717909,200
29,0.61630776466939,0.6263937556981,0.0598916250036696,122.658285230021,124.858513717909,200
30,0.604655980280669,0.60749153371967,0.061956853452072,122.658285230021,124.858513717909,200
31,0.593767382951328,0.589873683740225,0.0640220819004744,122.658285230021,124.858513717909,200
32,0.58357042389455,0.573419795884861,0.0660873103488768,122.658285230021,124.858513717909,200
33,0.574002226903738,0.558024055415025,0.0681525387972792,122.658285230021,124.858513717909,200
34,0.565007312973073,0.543593096384936,0.0702177672456816,122.658285230021,124.858513717909,200
35,0.556536543554541,0.530044223242614,0.072282995694084,122.658285230021,124.858513717909,200
36,0.548546239938798,0.517303928830747,0.0743482241424864,122.658285230021,124.858513717909,200
37,0.540997445439132,0.505306652711729,0.0764134525908888,122.658285230021,124.858513717909,200
38,0.533855304072694,0.493993735546651,0.0784786810392912,122.658285230021,124.858513717909,200
39,0.527088534829235,0.483312534339057,0.0805439094876936,122.658285230021,124.858513717909,200
40,0.520668984799534,0.473215670392136,0.082609137936096,122.658285230021,124.858513717909,200
41,0.514571247699655,0.463660387320959,0.0846743663844984,122.658285230021,124.858513717909,200
42,0.508772336891754,0.454608000777259,0.0867395948329008,122.658285230021,124.858513717909,200
43,0.503251404029881,0.446023424956795,0.0888048232813032,122.658285230021,124.858513717909,200
44,0.497989496072259,0.43787476367389,0.0908700517297056,122.658285230021,124.858513717909,200
45,0.492969344691939,0.430132955959375,0.092935280178108,122.658285230021,124.858513717909,200
46,0.488175183155619,0.422771467884875,0.0950005086265104,122.658285230021,124.858513717909,200
47,0.483592586579639,0.415766023728689,0.0970657370749128,122.658285230021,124.858513717909,200
48,0.479208332153977,0.40909437074592,0.0991309655233152,122.658285230021,124.858513717909,200
49,0.475010276481676,0.402736072742279,0.101196193971718,122.658285230021,124.858513717909,200
50,0.470987247637534,0.396672328419017,0.10326142242012,122.658285230021,124.858513717909,200
51,0.467128949925777,0.390885811089054,0.105326650868522,122.658285230021,124.858513717909,200
52,0.463425879627229,0.385360526887391,0.107391879316925,122.658285230021,124.858513717909,200
53,0.459869250284537,0.380081689033182,0.109457107765327,122.658285230021,124.858513717909,200
54,0.456450926289045,0.375035606062679,0.11152233621373,122.658285230021,124.858513717909,200
55,0.453163363712722,0.370209582254952,0.113587564662132,122.658285230021,124.858513717909,200
56,0.449999557479541,0.365591828726281,0.115652793110534,122.658285230021,124.858513717909,200
57,0.446952994097759,0.361171383883032,0.117718021558937,122.658285230021,124.858513717909,200
58,0.444017609281958,0.356938042103546,0.119783250007339,122.658285230021,124.858513717909,200
59,0.441187749884715,0.352882289672715,0.121848478455742,122.658285230021,124.858513717909,200
60,0.438458139635103,0.348995247123106,0.123913706904144,122.658285230021,124.858513717909,200
61,0.435823848247172,0.345268617247447,0.125978935352546,122.658285230021,124.858513717909,200
62,0.433280263517938,0.341694638142159,0.128044163800949,122.658285230021,124.858513717909,200
63,0.430823066082701,0.33826604072294,0.130109392249351,122.658285230021,124.858513717909,200
64,0.428448206537055,0.334976010223253,0.132174620697754,122.658285230021,124.858513717909,200
65,0.426151884670711,0.331818151246814,0.134239849146156,122.658285230021,124.858513717909,200
66,0.423930530589155,0.328786455997111,0.136305077594558,122.658285230021,124.858513717909,200
67,0.421780787525904,0.325875275352051,0.138370306042961,122.658285230021,124.858513717909,200
68,0.419699496171328,0.323079292490842,0.140435534491363,122.658285230021,124.858513717909,200
69,0.417683680364179,0.320393498814185,0.142500762939766,122.658285230021,124.858513717909,200
70,0.415730534009568,0.317813171928457,0.144565991388168,122.658285230021,124.858513717909,200
71,0.413837409102458,0.315333855490379,0.14663121983657,122.658285230021,124.858513717909,200
72,0.412001804749202,0.312951340731299,0.148696448284973,122.658285230021,124.858513717909,200
73,0.410221357091424,0.310661649500025,0.150761676733375,122.658285230021,124.858513717909,200
74,0.408493830046875,0.308461018680566,0.152826905181778,122.658285230021,124.858513717909,200
75,0.406817106791024,0.306345885856448,0.15489213363018,122.658285230021,124.858513717909,200
76,0.405189181911161,0.304312876106803,0.156957362078582,122.658285230021,124.858513717909,200
77,0.403608154171858,0.302358789831326,0.159022590526985,122.658285230021,124.858513717909,200
78,0.402072219836938,0.300480591511781,0.161087818975387,122.658285230021,124.858513717909,200
79,0.400579666498641,0.298675399327057,0.16315304742379,122.658285230021,124.858513717909,200
80,0.399128867369593,0.296940475547096,0.165218275872192,122.658285230021,124.858513717909,200
81,0.3977182759976,0.29527321763839,0.167283504320594,122.658285230021,124.858513717909,200
82,0.396346421367159,0.293671150020284,0.169348732768997,122.658285230021,124.858513717909,200
83,0.395011903355083,0.292131916417212,0.171413961217399,122.658285230021,124.858513717909,200
84,0.393713388510715,0.29065327275721,0.173479189665802,122.658285230021,124.858513717909,200
85,0.392449606134018,0.289233080571698,0.175544418114204,122.658285230021,124.858513717909,200
86,0.391219344627283,0.287869300855753,0.177609646562606,122.658285230021,124.858513717909,200
87,0.390021448098443,0.286559988351804,0.179674875011009,122.658285230021,124.858513717909,200
88,0.388854813195978,0.285303286223077,0.181740103459411,122.658285230021,124.858513717909,200
89,0.387718386157202,0.284097421086138,0.183805331907814,122.658285230021,124.858513717909,200
90,0.386611160053324,0.282940698374595,0.185870560356216,122.658285230021,124.858513717909,200
91,0.385532172216162,0.281831498008488,0.187935788804618,122.658285230021,124.858513717909,200
92,0.38448050183267,0.28076827034612,0.190001017253021,122.658285230021,124.858513717909,200
93,0.383455267694665,0.279749532397047,0.192066245701423,122.658285230021,124.858513717909,200
94,0.382455626092185,0.278773864276803,0.194131474149826,122.658285230021,124.858513717909,200
95,0.381480768839898,0.277839905885528,0.196196702598228,122.658285230021,124.858513717909,200
96,0.38052992142686,0.276946353794194,0.19826193104663,122.658285230021,124.858513717909,200
97,0.379602341280724,0.27609195832342,0.200327159495033,122.658285230021,124.858513717909,200
98,0.378697316138216,0.275275520801149,0.202392387943435,122.658285230021,124.858513717909,200
99,0.377814162514378,0.274495890986517,0.204457616391838,122.658285230021,124.858513717909,200
100,0.37695222426365,0.273751964648294,0.20652284484024,122.658285230021,124.858513717909,200
101,0.376110871226435,0.273042681287182,0.208588073288643,122.658285230021,124.858513717909,200
102,0.375289497955277,0.272367021992088,0.210653301737045,122.658285230021,124.858513717909,200
103,0.374487522515242,0.271724007421285,0.212718530185447,122.658285230021,124.858513717909,200
104,0.373704385353509,0.271112695900033,0.21478375863385,122.658285230021,124.858513717909,200
105,0.372939548233555,0.270532181626916,0.216848987082252,122.658285230021,124.858513717909,200
106,0.372192493229669,0.269981592981704,0.218914215530655,122.658285230021,124.858513717909,200
107,0.37146272177785,0.2694600909281,0.220979443979057,122.658285230021,124.858513717909,200
108,0.370749753779428,0.268966867505228,0.223044672427459,122.658285230021,124.858513717909,200
109,0.370053126754036,0.268501144402148,0.225109900875862,122.658285230021,124.858513717909,200
110,0.369372395038772,0.26806217161014,0.227175129324264,122.658285230021,124.858513717909,200
111,0.368707129030661,0.267649226147823,0.229240357772667,122.658285230021,124.858513717909,200
112,0.368056914469688,0.267261610854581,0.231305586221069,122.658285230021,124.858513717909,200
113,0.367421351759912,0.266898653248048,0.233370814669471,122.658285230021,124.858513717909,200
114,0.366800055326302,0.266559704441732,0.235436043117874,122.658285230021,124.858513717909,200
115,0.366192653005132,0.266244138119106,0.237501271566276,122.658285230021,124.858513717909,200
116,0.365598785465908,0.265951349560764,0.239566500014679,122.658285230021,124.858513717909,200
117,0.365018105662938,0.265680754721469,0.241631728463081,122.658285230021,124.858513717909,200
118,0.364450278314792,0.265431789354124,0.243696956911483,122.658285230021,124.858513717909,200
119,0.363894979410005,0.265203908177926,0.245762185359886,122.658285230021,124.858513717909,200
120,0.363351895737492,0.264996584088096,0.247827413808288,122.658285230021,124.858513717909,200
121,0.362820724440254,0.264809307404806,0.249892642256691,122.658285230021,124.858513717909,200
122,0.362301172591032,0.264641585159042,0.251957870705093,122.658285230021,124.858513717909,200
123,0.361792956788653,0.264492940413305,0.254023099153495,122.658285230021,124.858513717909,200
124,0.361295802773921,0.264362911615174,0.256088327601898,122.658285230021,124.858513717909,200
125,0.36080944506393,0.264251051981907,0.2581535560503,122.658285230021,124.858513717909,200
126,0.360333626603808,0.26415692891434,0.260218784498703,122.658285230021,124.858513717909,200
127,0.359868098434895,0.26408012343848,0.262284012947105,122.658285230021,124.858513717909,200
128,0.35941261937849,0.264020229673272,0.264349241395507,122.658285230021,124.858513717909,200
129,0.358966955734304,0.26397685432312,0.26641446984391,122.658285230021,124.858513717909,200
130,0.358530880992824,0.263949616193828,0.268479698292312,122.658285230021,124.858513717909,200
131,0.358104175560857,0.263938145730723,0.270544926740715,122.658285230021,124.858513717909,200
132,0.357686626499552,0.263942084577753,0.272610155189117,122.658285230021,124.858513717909,200
133,0.357278027274231,0.263961085156494,0.274675383637519,122.658285230021,124.858513717909,200
134,0.356878177515432,0.263994810263998,0.276740612085922,122.658285230021,124.858513717909,200
135,0.356486882790567,0.264042932688515,0.278805840534324,122.658285230021,124.858513717909,200
136,0.35610395438565,0.264105134842169,0.280871068982727,122.658285230021,124.858513717909,200
137,0.355729209096596,0.264181108409724,0.282936297431129,122.658285230021,124.858513717909,200
138,0.355362469029581,0.264270554012617,0.285001525879531,122.658285230021,124.858513717909,200
139,0.355003561410029,0.264373180887494,0.287066754327934,122.658285230021,124.858513717909,200
140,0.354652318399781,0.264488706578528,0.289131982776336,122.658285230021,124.858513717909,200
141,0.354308576922042,0.264616856642822,0.291197211224739,122.658285230021,124.858513717909,200
142,0.353972178493732,0.264757364368265,0.293262439673141,122.658285230021,124.858513717909,200
143,0.353642969064861,0.264909970503224,0.295327668121543,122.658285230021,124.858513717909,200
144,0.35332079886461,0.265074422997501,0.297392896569946,122.658285230021,124.858513717909,200
145,0.353005522253764,0.265250476754006,0.299458125018348,122.658285230021,124.858513717909,200
146,0.352696997583226,0.26543789339064,0.301523353466751,122.658285230021,124.858513717909,200
147,0.352395087058297,0.265636441011888,0.303588581915153,122.658285230021,124.858513717909,200
148,0.352099656608457,0.265845893989686,0.305653810363555,122.658285230021,124.858513717909,200
149,0.351810575762396,0.266066032753094,0.307719038811958,122.658285230021,124.858513717909,200
150,0.351527717528038,0.266296643586402,0.30978426726036,122.658285230021,124.858513717909,200
151,0.351250958277336,0.266537518435241,0.311849495708763,122.658285230021,124.858513717909,200
152,0.350980177635612,0.266788454720355,0.313914724157165,122.658285230021,124.858513717909,200
153,0.35071525837524,0.267049255158683,0.315979952605567,122.658285230021,124.858513717909,200
154,0.350456086313466,0.267319727591393,0.31804518105397,122.658285230021,124.858513717909,200
155,0.350202550214188,0.267599684818596,0.320110409502372,122.658285230021,124.858513717909,200
156,0.349954541693512,0.267888944440396,0.322175637950775,122.658285230021,124.858513717909,200
157,0.349711955128917,0.268187328704032,0.324240866399177,122.658285230021,124.858513717909,200
158,0.349474687571869,0.26849466435681,0.326306094847579,122.658285230021,124.858513717909,200
159,0.349242638663736,0.268810782504594,0.328371323295982,122.658285230021,124.858513717909,200
160,0.349015710554851,0.269135518475605,0.330436551744384,122.658285230021,124.858513717909,200
161,0.348793807826593,0.269468711689285,0.332501780192787,122.658285230021,124.858513717909,200
162,0.34857683741636,0.269810205530028,0.334567008641189,122.658285230021,124.858513717909,200
163,0.348364708545291,0.270159847225558,0.336632237089591,122.658285230021,124.858513717909,200
164,0.348157332648645,0.27051748772975,0.338697465537994,122.658285230021,124.858513717909,200
165,0.347954623308707,0.27088298160972,0.340762693986396,122.658285230021,124.858513717909,200
166,0.347756496190113,0.27125618693699,0.342827922434799,122.658285230021,124.858513717909,200
167,0.34756286897751,0.271636965182566,0.344893150883201,122.658285230021,124.858513717909,200
168,0.347373661315434,0.272025181115765,0.346958379331603,122.658285230021,124.858513717909,200
169,0.347188794750326,0.272420702706628,0.349023607780006,122.658285230021,124.858513717909,200
170,0.347008192674592,0.272823401031785,0.351088836228408,122.658285230021,124.858513717909,200
171,0.346831780272628,0.273233150183616,0.353154064676811,122.658285230021,124.858513717909,200
172,0.34665948446873,0.273649827182588,0.355219293125213,122.658285230021,124.858513717909,200
173,0.346491233876804,0.274073311892622,0.357284521573615,122.658285230021,124.858513717909,200
174,0.346326958751816,0.274503486939389,0.359349750022018,122.658285230021,124.858513717909,200
175,0.346166590942904,0.274940237631403,0.36141497847042,122.658285230021,124.858513717909,200
176,0.346010063848089,0.275383451883801,0.363480206918823,122.658285230021,124.858513717909,200
177,0.345857312370523,0.275833020144713,0.365545435367225,122.658285230021,124.858513717909,200
178,0.345708272876206,0.276288835324107,0.367610663815627,122.658285230021,124.858513717909,200
179,0.34556288315313,0.276750792725026,0.36967589226403,122.658285230021,124.858513717909,200
180,0.345421082371773,0.277218789977111,0.371741120712432,122.658285230021,124.858513717909,200
181,0.345282811046914,0.277692726972332,0.373806349160835,122.658285230021,124.858513717909,200
182,0.345148011000698,0.278172505802834,0.375871577609237,122.658285230021,124.858513717909,200
183,0.345016625326918,0.278658030700826,0.377936806057639,122.658285230021,124.858513717909,200
184,0.344888598356458,0.279149207980426,0.380002034506042,122.658285230021,124.858513717909,200
185,0.344763875623858,0.27964594598139,0.382067262954444,122.658285230021,124.858513717909,200
186,0.344642403834961,0.280148155014665,0.384132491402847,122.658285230021,124.858513717909,200
187,0.344524130835588,0.280655747309679,0.386197719851249,122.658285230021,124.858513717909,200
188,0.344409005581227,0.281168636963318,0.388262948299651,122.658285230021,124.858513717909,200
189,0.34429697810767,0.281686739890526,0.390328176748054,122.658285230021,124.858513717909,200
190,0.344187999502589,0.282209973776457,0.392393405196456,122.658285230021,124.858513717909,200
191,0.344082021877998,0.282738258030135,0.394458633644859,122.658285230021,124.858513717909,200
192,0.343978998343576,0.283271513739565,0.396523862093261,122.658285230021,124.858513717909,200
193,0.343878882980823,0.283809663628233,0.398589090541663,122.658285230021,124.858513717909,200
194,0.343781630818013,0.284352632012954,0.400654318990066,122.658285230021,124.858513717909,200
195,0.343687197805916,0.28490034476302,0.402719547438468,122.658285230021,124.858513717909,200
196,0.343595540794265,0.285452729260594,0.404784775886871,122.658285230021,124.858513717909,200
197,0.343506617508942,0.286009714362313,0.406850004335273,122.658285230021,124.858513717909,200
198,0.343420386529852,0.286571230362054,0.408915232783675,122.658285230021,124.858513717909,200
199,0.343336807269462,0.287137208954821,0.410980461232078,122.658285230021,124.858513717909,200
200,0.343255839951994,0.287707583201718,0.41304568968048,122.658285230021,124.858513717909,200
201,0.343177445593223,0.288282287495969,0.415110918128883,122.658285230021,124.858513717909,200
202,0.343101585980892,0.288861257529938,0.417176146577285,122.658285230021,124.858513717909,200
203,0.343028223655694,0.289444430263137,0.419241375025687,122.658285230021,124.858513717909,200
204,0.342957321892818,0.290031743891167,0.42130660347409,122.658285230021,124.858513717909,200
205,0.342888844684036,0.290623137815565,0.423371831922492,122.658285230021,124.858513717909,200
206,0.342822756720306,0.291218552614541,0.425437060370895,122.658285230021,124.858513717909,200
207,0.34275902337489,0.291817930014549,0.427502288819297,122.658285230021,124.858513717909,200
208,0.342697610686946,0.29242121286269,0.429567517267699,122.658285230021,124.858513717909,200
209,0.3426384853456,0.293028345099901,0.431632745716102,122.658285230021,124.858513717909,200
210,0.342581614674474,0.293639271734908,0.433697974164504,122.658285230021,124.858513717909,200
211,0.342526966616645,0.294253938818927,0.435763202612907,122.658285230021,124.858513717909,200
212,0.342474509720037,0.294872293421077,0.437828431061309,122.658285230021,124.858513717909,200
213,0.342424213123225,0.295494283604483,0.439893659509711,122.658285230021,124.858513717909,200
214,0.342376046541633,0.296119858403051,0.441958887958114,122.658285230021,124.858513717909,200
215,0.342329980254118,0.296748967798897,0.444024116406516,122.658285230021,124.858513717909,200
216,0.342285985089928,0.297381562700391,0.446089344854919,122.658285230021,124.858513717909,200
217,0.342244032416023,0.298017594920819,0.448154573303321,122.658285230021,124.858513717909,200
218,0.342204094124738,0.298657017157627,0.450219801751723,122.658285230021,124.858513717909,200
219,0.34216614262179,0.299299782972234,0.452285030200126,122.658285230021,124.858513717909,200
220,0.342130150814612,0.299945846770398,0.454350258648528,122.658285230021,124.858513717909,200
221,0.342096092100997,0.300595163783112,0.456415487096931,122.658285230021,124.858513717909,200
222,0.342063940358062,0.301247690048016,0.458480715545333,122.658285230021,124.858513717909,200
223,0.34203366993149,0.301903382391314,0.460545943993735,122.658285230021,124.858513717909,200
224,0.342005255625081,0.30256219841017,0.462611172442138,122.658285230021,124.858513717909,200
225,0.341978672690566,0.303224096455578,0.46467640089054,122.658285230021,124.858513717909,200
226,0.341953896817699,0.303889035615679,0.466741629338943,122.658285230021,124.858513717909,200
227,0.341930904124607,0.304556975699532,0.468806857787345,122.658285230021,124.858513717909,200
228,0.3419096711484,0.305227877221297,0.470872086235747,122.658285230021,124.858513717909,200
229,0.341890174836016,0.305901701384845,0.47293731468415,122.658285230021,124.858513717909,200
230,0.34187239253532,0.30657841006876,0.475002543132552,122.658285230021,124.858513717909,200
231,0.34185630198642,0.30725796581174,0.477067771580955,122.658285230021,124.858513717909,200
232,0.341841881313214,0.307940331798365,0.479133000029357,122.658285230021,124.858513717909,200
233,0.341829109015157,0.308625471845241,0.481198228477759,122.658285230021,124.858513717909,200
234,0.341817963959234,0.309313350387493,0.483263456926162,122.658285230021,124.858513717909,200
235,0.341808425372142,0.310003932465605,0.485328685374564,122.658285230021,124.858513717909,200
236,0.341800472832667,0.310697183712596,0.487393913822967,122.658285230021,124.858513717909,200
237,0.341794086264256,0.311393070341519,0.489459142271369,122.658285230021,124.858513717909,200
238,0.341789245927779,0.312091559133273,0.491524370719771,122.658285230021,124.858513717909,200
239,0.341785932414466,0.312792617424727,0.493589599168174,122.658285230021,124.858513717909,200
240,0.341784126639028,0.313496213097133,0.495654827616576,122.658285230021,124.858513717909,200
241,0.341783809832944,0.314202314564839,0.497720056064979,122.658285230021,124.858513717909,200
242,0.341784963537915,0.314910890764264,0.499785284513381,122.658285230021,124.858513717909,200
243,0.341787569599485,0.315621911143166,0.501850512961783,122.658285230021,124.858513717909,200
244,0.34179161016081,0.316335345650158,0.503915741410186,122.658285230021,124.858513717909,200
245,0.341797067656587,0.317051164724487,0.505980969858588,122.658285230021,124.858513717909,200
246,0.341803924807126,0.317769339286065,0.508046198306991,122.658285230021,124.858513717909,200
247,0.341812164612574,0.318489840725734,0.510111426755393,122.658285230021,124.858513717909,200
248,0.341821770347266,0.319212640895775,0.512176655203795,122.658285230021,124.858513717909,200
249,0.341832725554222,0.319937712100642,0.514241883652198,122.658285230021,124.858513717909,200
250,0.341845014039776,0.320665027087917,0.5163071121006,122.658285230021,124.858513717909,200
251,0.341858619868327,0.321394559039484,0.518372340549003,122.658285230021,124.858513717909,200
252,0.341873527357221,0.32212628156291,0.520437568997405,122.658285230021,124.858513717909,200
253,0.341889721071749,0.322860168683034,0.522502797445807,122.658285230021,124.858513717909,200
254,0.34190718582027,0.323596194833756,0.52456802589421,122.658285230021,124.858513717909,200
255,0.341925906649443,0.324334334850007,0.526633254342612,122.658285230021,124.858513717909,200
256,0.341945868839574,0.325074563959927,0.528698482791015,122.658285230021,124.858513717909,200
257,0.341967057900066,0.325816857777209,0.530763711239417,122.658285230021,124.858513717909,200
258,0.341989459564986,0.326561192293627,0.532828939687819,122.658285230021,124.858513717909,200
259,0.342013059788723,0.327307543871739,0.534894168136222,122.658285230021,124.858513717909,200
260,0.342037844741752,0.328055889237757,0.536959396584624,122.658285230021,124.858513717909,200
261,0.342063800806494,0.328806205474578,0.539024625033027,122.658285230021,124.858513717909,200
262,0.342090914573274,0.32955847001498,0.541089853481429,122.658285230021,124.858513717909,200
263,0.342119172836365,0.330312660634966,0.543155081929831,122.658285230021,124.858513717909,200
264,0.342148562590127,0.33106875544727,0.545220310378234,122.658285230021,124.858513717909,200
265,0.342179071025232,0.331826732894997,0.547285538826636,122.658285230021,124.858513717909,200
266,0.342210685524972,0.332586571745417,0.549350767275039,122.658285230021,124.858513717909,200
267,0.342243393661656,0.333348251083892,0.551415995723441,122.658285230021,124.858513717909,200
268,0.342277183193079,0.334111750307945,0.553481224171843,122.658285230021,124.858513717909,200
269,0.342312042059076,0.334877049121453,0.555546452620246,122.658285230021,124.858513717909,200
270,0.342347958378151,0.335644127528979,0.557611681068648,122.658285230021,124.858513717909,200
271,0.342384920444184,0.336412965830219,0.559676909517051,122.658285230021,124.858513717909,200
272,0.342422916723199,0.337183544614582,0.561742137965453,122.658285230021,124.858513717909,200
273,0.342461935850219,0.337955844755878,0.563807366413855,122.658285230021,124.858513717909,200
274,0.342501966626177,0.338729847407135,0.565872594862258,122.658285230021,124.858513717909,200
275,0.342542998014905,0.339505533995516,0.56793782331066,122.658285230021,124.858513717909,200
276,0.342585019140176,0.340282886217357,0.570003051759063,122.658285230021,124.858513717909,200
277,0.342628019282821,0.341061886033306,0.572068280207465,122.658285230021,124.858513717909,200
278,0.342671987877906,0.341842515663571,0.574133508655867,122.658285230021,124.858513717909,200
279,0.342716914511962,0.342624757583267,0.57619873710427,122.658285230021,124.858513717909,200
280,0.342762788920287,0.343408594517864,0.578263965552672,122.658285230021,124.858513717909,200
281,0.342809600984295,0.344194009438733,0.580329194001075,122.658285230021,124.858513717909,200
282,0.342857340728924,0.344980985558787,0.582394422449477,122.658285230021,124.858513717909,200
283,0.342905998320104,0.34576950632821,0.584459650897879,122.658285230021,124.858513717909,200
284,0.342955564062274,0.346559555430284,0.586524879346282,122.658285230021,124.858513717909,200
285,0.343006028395949,0.347351116777296,0.588590107794684,122.658285230021,124.858513717909,200
286,0.343057381895345,0.348144174506539,0.590655336243087,122.658285230021,124.858513717909,200
287,0.343109615266045,0.348938712976385,0.592720564691489,122.658285230021,124.858513717909,200
288,0.343162719342724,0.349734716762453,0.594785793139891,122.658285230021,124.858513717909,200
289,0.343216685086912,0.350532170653848,0.596851021588294,122.658285230021,124.858513717909,200
290,0.343271503584807,0.351331059649481,0.598916250036696,122.658285230021,124.858513717909,200
291,0.343327166045133,0.352131368954463,0.600981478485099,122.658285230021,124.858513717909,200
292,0.343383663797044,0.352933083976574,0.603046706933501,122.658285230021,124.858513717909,200
293,0.343440988288066,0.353736190322806,0.605111935381903,122.658285230021,124.858513717909,200
294,0.343499131082085,0.354540673795974,0.607177163830306,122.658285230021,124.858513717909,200
295,0.343558083857377,0.355346520391397,0.609242392278708,122.658285230021,124.858513717909,200
296,0.343617838404671,0.356153716293648,0.611307620727111,122.658285230021,124.858513717909,200
297,0.343678386625261,0.356962247873364,0.613372849175513,122.658285230021,124.858513717909,200
298,0.343739720529146,0.357772101684128,0.615438077623915,122.658285230021,124.858513717909,200
299,0.343801832233217,0.358583264459408,0.617503306072318,122.658285230021,124.858513717909,200
300,0.343864713959473,0.359395723109558,0.61956853452072,122.658285230021,124.858513717909,200
301,0.343928358033272,0.360209464718882,0.621633762969123,122.658285230021,124.858513717909,200
302,0.343992756881627,0.361024476542753,0.623698991417525,122.658285230021,124.858513717909,200
303,0.344057903031522,0.361840746004788,0.625764219865927,122.658285230021,124.858513717909,200
304,0.344123789108271,0.362658260694086,0.62782944831433,122.658285230021,124.858513717909,200
305,0.344190407833905,0.363477008362508,0.629894676762732,122.658285230021,124.858513717909,200
306,0.344257752025591,0.364296976922025,0.631959905211135,122.658285230021,124.858513717909,200
307,0.344325814594085,0.365118154442104,0.634025133659537,122.658285230021,124.858513717909,200
308,0.34439458854221,0.365940529147156,0.636090362107939,122.658285230021,124.858513717909,200
309,0.344464066963367,0.366764089414025,0.638155590556342,122.658285230021,124.858513717909,200
310,0.344534243040076,0.367588823769533,0.640220819004744,122.658285230021,124.858513717909,200
311,0.344605110042541,0.368414720888066,0.642286047453147,122.658285230021,124.858513717909,200
312,0.344676661327244,0.369241769589209,0.644351275901549,122.658285230021,124.858513717909,200
313,0.34474889033557,0.370069958835431,0.646416504349951,122.658285230021,124.858513717909,200
314,0.344821790592452,0.370899277729803,0.648481732798354,122.658285230021,124.858513717909,200
315,0.344895355705047,0.371729715513772,0.650546961246756,122.658285230021,124.858513717909,200
316,0.344969579361434,0.372561261564967,0.652612189695159,122.658285230021,124.858513717909,200
317,0.345044455329337,0.373393905395057,0.654677418143561,122.658285230021,124.858513717909,200
318,0.345119977454873,0.374227636647635,0.656742646591963,122.658285230021,124.858513717909,200
319,0.345196139661326,0.375062445096159,0.658807875040366,122.658285230021,124.858513717909,200
320,0.345272935947936,0.375898320641916,0.660873103488768,122.658285230021,124.858513717909,200
321,0.345350360388721,0.376735253312036,0.662938331937171,122.658285230021,124.858513717909,200
322,0.345428407131313,0.377573233257532,0.665003560385573,122.658285230021,124.858513717909,200
323,0.345507070395819,0.37841225075139,0.667068788833975,122.658285230021,124.858513717909,200
324,0.345586344473702,0.379252296186679,0.669134017282378,122.658285230021,124.858513717909,200
325,0.345666223726686,0.380093360074711,0.67119924573078,122.658285230021,124.858513717909,200
326,0.345746702585673,0.38093543304322,0.673264474179183,122.658285230021,124.858513717909,200
327,0.345827775549693,0.381778505834587,0.675329702627585,122.658285230021,124.858513717909,200
328,0.345909437184856,0.382622569304092,0.677394931075987,122.658285230021,124.858513717909,200
329,0.345991682123342,0.383467614418194,0.67946015952439,122.658285230021,124.858513717909,200
330,0.346074505062393,0.384313632252853,0.681525387972792,122.658285230021,124.858513717909,200
331,0.346157900763332,0.385160613991869,0.683590616421195,122.658285230021,124.858513717909,200
332,0.346241864050601,0.386008550925263,0.685655844869597,122.658285230021,124.858513717909,200
333,0.34632638981081,0.386857434447682,0.687721073317999,122.658285230021,124.858513717909,200
334,0.346411472991806,0.387707256056827,0.689786301766402,122.658285230021,124.858513717909,200
335,0.346497108601761,0.388558007351923,0.691851530214804,122.658285230021,124.858513717909,200
336,0.346583291708274,0.389409680032202,0.693916758663207,122.658285230021,124.858513717909,200
337,0.346670017437488,0.390262265895422,0.695981987111609,122.658285230021,124.858513717909,200
338,0.346757280973225,0.391115756836409,0.698047215560011,122.658285230021,124.858513717909,200
339,0.346845077556137,0.391970144845626,0.700112444008414,122.658285230021,124.858513717909,200
340,0.346933402482864,0.392825422007763,0.702177672456816,122.658285230021,124.858513717909,200
341,0.347022251105221,0.393681580500363,0.704242900905219,122.658285230021,124.858513717909,200
342,0.347111618829388,0.394538612592455,0.706308129353621,122.658285230021,124.858513717909,200
343,0.347201501115114,0.395396510643228,0.708373357802023,122.658285230021,124.858513717909,200
344,0.347291893474944,0.396255267100716,0.710438586250426,122.658285230021,124.858513717909,200
345,0.347382791473452,0.397114874500514,0.712503814698828,122.658285230021,124.858513717909,200
346,0.347474190726487,0.397975325464509,0.714569043147231,122.658285230021,124.858513717909,200
347,0.347566086900436,0.398836612699638,0.716634271595633,122.658285230021,124.858513717909,200
348,0.347658475711499,0.399698728996668,0.718699500044035,122.658285230021,124.858513717909,200
349,0.347751352924972,0.400561667228992,0.720764728492438,122.658285230021,124.858513717909,200
350,0.347844714354548,0.401425420351451,0.72282995694084,122.658285230021,124.858513717909,200
